bloco_MB,teste,alloc_ms,write_ms,read_ms,free_ms,sistema
100,1,21.2159,31.7898,21.9084,8.2513,Windows
100,2,24.0456,30.6371,24.2806,7.5062,Windows
100,3,23.1859,29.3135,23.0969,7.8028,Windows
100,4,23.404,31.1512,23.3678,7.6508,Windows
100,5,22.4431,30.716,23.419,7.7341,Windows
100,6,22.5938,29.3926,23.3982,7.3343,Windows
100,7,22.36,29.2915,23.843,7.8559,Windows
100,8,22.7545,30.5886,24.0405,7.3593,Windows
100,9,22.8243,30.2571,24.2168,7.8912,Windows
100,10,23.204,30.0648,23.8022,7.2985,Windows
100,11,22.227,31.9938,24.8931,7.9227,Windows
100,12,23.7068,31.0203,27.3687,7.8486,Windows
100,13,23.1175,30.2977,23.7325,10.189,Windows
100,14,24.5659,31.3309,24.0884,7.8633,Windows
100,15,23.4752,32.3902,26.4932,7.6899,Windows
100,16,24.4419,37.8033,30.27,8.1654,Windows
100,17,26.1104,32.3297,24.3475,7.5539,Windows
100,18,23.3006,30.293,24.1431,7.3329,Windows
100,19,22.9937,31.339,24.5259,7.5664,Windows
100,20,22.656,29.848,23.0246,7.4518,Windows
100,21,22.1443,30.3484,24.237,7.3845,Windows
100,22,22.2352,31.3386,24.4838,7.4817,Windows
100,23,22.2886,30.5351,23.4635,7.3286,Windows
100,24,22.9992,29.2278,22.8875,7.3946,Windows
100,25,22.1093,31.2104,23.8286,7.5719,Windows
100,26,22.5431,30.1974,23.2498,7.2343,Windows
100,27,22.7624,30.5031,24.6687,7.4013,Windows
100,28,23.285,30.6213,23.8629,7.2807,Windows
100,29,22.5589,29.4943,23.158,7.1945,Windows
100,30,22.2078,29.3469,23.198,7.5212,Windows
100,31,22.1591,29.231,23.7555,7.2333,Windows
100,32,23.4632,29.1651,22.9182,7.1173,Windows
100,33,22.6421,31.1358,24.8278,7.5132,Windows
100,34,23.1416,30.3159,24.0359,7.2944,Windows
100,35,23.0939,31.5946,23.5355,7.2752,Windows
100,36,22.7731,30.0793,23.7388,7.1506,Windows
100,37,22.5965,31.4611,23.9719,7.6062,Windows
100,38,22.7097,30.9884,23.8001,7.275,Windows
100,39,22.4675,30.1927,23.3172,7.2366,Windows
100,40,22.3924,29.1578,22.7702,7.3047,Windows
100,41,22.4524,29.1392,22.811,7.1101,Windows
100,42,22.6786,30.3883,25.4662,7.0976,Windows
100,43,22.6784,30.6673,24.0962,7.8234,Windows
100,44,24.3699,32.8454,25.6262,7.7679,Windows
100,45,23.7914,32.4542,26.0992,7.3764,Windows
100,46,24.5381,31.2698,24.5573,7.7004,Windows
100,47,23.8303,36.7871,27.1735,8.3751,Windows
100,48,28.6966,31.3494,24.1232,7.4757,Windows
100,49,23.451,30.1697,23.6476,7.5349,Windows
100,50,23.0878,29.6337,23.0293,7.1987,Windows
100,51,22.4307,29.9659,23.0116,7.3182,Windows
100,52,22.5562,29.5933,23.3459,7.4549,Windows
100,53,28.9644,98.0319,36.5994,10.7259,Windows
100,54,30.3167,34.9177,57.8619,8.2584,Windows
100,55,27.1545,35.1137,23.9003,7.4217,Windows
100,56,23.3072,30.4991,23.9424,7.2847,Windows
100,57,23.0629,29.7435,23.1194,7.8222,Windows
100,58,22.7331,29.5928,33.3989,11.7822,Windows
100,59,34.8298,42.3813,37.5464,8.0849,Windows
100,60,25.758,33.1978,27.2452,7.5339,Windows
100,61,24.4591,30.7714,23.3586,7.2294,Windows
100,62,23.0202,30.2324,23.2737,7.1372,Windows
100,63,23.7479,30.2219,23.2047,7.1548,Windows
100,64,22.6479,29.8591,23.2211,7.1199,Windows
100,65,22.3677,30.3858,23.1438,7.1042,Windows
100,66,22.796,29.8814,23.4711,7.2532,Windows
100,67,22.1591,29.6142,23.0451,7.1314,Windows
100,68,23.6086,30.4539,27.8649,9.297,Windows
100,69,25.5235,32.0912,29.2749,7.3463,Windows
100,70,26.5713,30.8481,27.0399,7.4039,Windows
100,71,23.1354,30.4438,23.6279,7.2576,Windows
100,72,24.0507,30.1317,22.9003,7.0968,Windows
100,73,24.6043,31.623,23.7037,7.4434,Windows
100,74,25.9392,30.3274,23.6363,7.4511,Windows
100,75,24.6698,29.1013,24.1304,7.3175,Windows
100,76,22.9768,29.523,22.9056,7.2383,Windows
100,77,23.2288,30.7409,24.4165,8.1359,Windows
100,78,23.7982,31.4409,23.8517,7.5299,Windows
100,79,23.8283,33.4995,24.4098,7.6164,Windows
100,80,24.1094,32.307,24.4592,7.6185,Windows
100,81,23.594,30.4465,23.4453,7.466,Windows
100,82,23.5465,29.5833,23.1245,7.7934,Windows
100,83,22.8601,29.8525,23.2803,7.44,Windows
100,84,22.9052,29.9946,23.4604,7.562,Windows
100,85,23.2315,28.7901,22.8463,7.2682,Windows
100,86,23.8922,29.3064,23.2016,7.1201,Windows
100,87,22.9034,30.142,23.6745,7.5165,Windows
100,88,22.563,30.0881,23.5264,7.6651,Windows
100,89,23.6958,30.3172,22.884,7.1521,Windows
100,90,22.6058,29.6818,23.0714,7.1289,Windows
100,91,22.7195,29.0267,23.0554,7.4648,Windows
100,92,22.7845,29.9956,22.663,7.1118,Windows
100,93,22.341,30.1972,23.4464,8.0184,Windows
100,94,22.8786,29.3891,25.0969,7.4432,Windows
100,95,22.8443,29.2974,23.2388,7.1488,Windows
100,96,22.9514,28.8479,23.1849,7.3186,Windows
100,97,23.101,28.7534,23.281,7.8735,Windows
100,98,23.0888,30.1077,23.0829,7.2991,Windows
100,99,22.4846,29.2611,23.063,7.1572,Windows
100,100,23.3896,29.4547,22.9986,7.1475,Windows
200,1,47.4845,79.6429,45.4658,14.3842,Windows
200,2,47.0256,62.8467,48.6706,14.9219,Windows
200,3,45.0243,57.2349,44.58,14.5566,Windows
200,4,41.8234,58.1454,46.6962,14.7277,Windows
200,5,41.5461,56.8,43.9013,14.2398,Windows
200,6,41.4004,58.5664,45.035,14.2564,Windows
200,7,42.9684,58.6228,45.9882,15.017,Windows
200,8,43.023,58.6046,44.1847,14.5312,Windows
200,9,42.114,58.4865,44.7123,14.5661,Windows
200,10,43.0343,58.4293,45.6772,14.7372,Windows
200,11,42.6751,57.4622,44.3952,14.4297,Windows
200,12,41.9692,58.3384,46.1928,14.4053,Windows
200,13,42.0285,59.0173,46.4293,14.1546,Windows
200,14,42.135,56.8681,44.019,14.2342,Windows
200,15,42.2285,58.392,45.1349,14.2589,Windows
200,16,42.0921,59.269,46.9697,15.125,Windows
200,17,41.9923,58.1907,45.3138,14.4861,Windows
200,18,42.2505,59.0171,45.552,14.4442,Windows
200,19,42.7847,58.2981,46.6409,14.4768,Windows
200,20,42.4877,58.0933,44.2581,14.2886,Windows
200,21,42.2848,58.633,45.3963,14.2998,Windows
200,22,42.2071,58.8859,46.8983,14.3681,Windows
200,23,42.5458,57.0391,44.2298,14.4824,Windows
200,24,42.4618,59.3411,45.7159,14.2303,Windows
200,25,41.7372,57.9773,50.841,15.4233,Windows
200,26,42.2475,59.2901,46.6964,16.06,Windows
200,27,43.9729,59.6171,46.3043,15.0905,Windows
200,28,42.6651,61.6829,47.2941,14.7413,Windows
200,29,44.0555,64.7757,45.3963,14.7389,Windows
200,30,42.6929,59.6499,45.5437,14.8014,Windows
200,31,41.6663,58.378,45.5376,14.5805,Windows
200,32,41.4814,57.9887,45.0543,14.3987,Windows
200,33,43.0012,59.6881,45.9243,14.6219,Windows
200,34,41.7987,60.1931,46.3647,14.4668,Windows
200,35,41.8893,58.3345,45.525,14.551,Windows
200,36,42.6497,57.9326,45.5716,14.6325,Windows
200,37,41.8706,59.4006,48.513,14.4831,Windows
200,38,41.8613,59.603,44.8959,14.4939,Windows
200,39,41.7889,58.7886,45.2097,14.5125,Windows
200,40,41.7034,59.7353,46.4632,14.3307,Windows
200,41,42.2196,58.2444,45.2056,14.6909,Windows
200,42,42.157,61.3347,46.0801,14.2477,Windows
200,43,42.3439,59.7928,45.9025,14.2823,Windows
200,44,43.8963,57.2404,44.6601,14.5444,Windows
200,45,41.7284,57.7839,45.7345,14.2493,Windows
200,46,41.7499,58.9923,46.3879,14.549,Windows
200,47,43.2057,58.5365,45.0696,14.6027,Windows
200,48,42.8253,58.9371,45.8813,14.5395,Windows
200,49,41.7058,59.699,46.1132,14.6406,Windows
200,50,41.3843,57.6077,44.726,14.5363,Windows
200,51,42.7839,59.8415,44.9513,14.2589,Windows
200,52,41.9429,59.0225,45.7388,14.3255,Windows
200,53,43.0265,56.8393,43.7241,14.0877,Windows
200,54,41.5699,59.5275,45.23,14.424,Windows
200,55,42.6689,59.7523,47.3383,14.5535,Windows
200,56,42.1814,57.4613,45.1663,14.7821,Windows
200,57,42.6426,57.8771,45.1489,14.3543,Windows
200,58,42.7583,58.0302,45.519,14.4009,Windows
200,59,41.3652,56.8687,44.2874,14.3801,Windows
200,60,41.3056,59.3822,45.3959,14.3256,Windows
200,61,42.1776,57.6992,46.2442,15.3343,Windows
200,62,42.5379,56.0382,44.0237,14.2714,Windows
200,63,41.6018,57.3549,44.445,14.182,Windows
200,64,42.4944,58.017,46.1675,14.5834,Windows
200,65,41.6751,57.4987,44.7385,14.1915,Windows
200,66,41.0724,58.9035,45.0545,15.0764,Windows
200,67,41.9605,58.0116,45.2479,14.4138,Windows
200,68,41.8633,56.9064,43.526,14.1155,Windows
200,69,41.7673,59.3567,44.5768,14.1632,Windows
200,70,42.7853,59.2023,47.2789,14.9958,Windows
200,71,42.4334,58.4459,45.8639,14.8536,Windows
200,72,41.9439,57.1611,43.9617,14.2352,Windows
200,73,41.513,57.9383,47.4765,14.4645,Windows
200,74,42.2067,57.3644,44.767,14.3638,Windows
200,75,41.4042,58.5439,45.1731,14.287,Windows
200,76,41.7514,58.8582,45.225,14.6474,Windows
200,77,41.4015,57.9248,44.3792,14.1339,Windows
200,78,41.4925,61.3371,45.7938,14.1499,Windows
200,79,42.1236,59.6633,46.9331,14.7683,Windows
200,80,43.3791,57.7889,44.2957,14.4579,Windows
200,81,41.7128,57.0665,44.7942,15.8402,Windows
200,82,42.0,58.6536,46.4402,14.4847,Windows
200,83,41.3859,57.7539,44.8637,14.5294,Windows
200,84,42.0512,59.9452,46.1564,14.3606,Windows
200,85,42.726,58.0409,46.5835,14.382,Windows
200,86,42.0608,58.7883,44.2291,14.1985,Windows
200,87,42.1952,60.165,45.6061,14.5375,Windows
200,88,41.7017,57.8361,46.6326,14.569,Windows
200,89,41.8463,57.1219,43.7003,14.1667,Windows
200,90,42.5278,58.8483,45.1866,14.3211,Windows
200,91,42.3665,59.0783,46.9554,14.4876,Windows
200,92,42.0024,57.8188,44.9033,14.4475,Windows
200,93,42.3782,60.0554,45.1768,14.6364,Windows
200,94,42.053,59.5274,46.8505,15.379,Windows
200,95,42.4192,58.8129,45.2984,14.9404,Windows
200,96,42.3359,63.5266,47.1411,14.828,Windows
200,97,42.6342,61.4968,48.6781,14.9329,Windows
200,98,42.7967,61.1644,45.4953,15.0624,Windows
200,99,42.8121,58.1874,45.762,14.4924,Windows
200,100,41.8685,59.3341,46.5617,14.9505,Windows
300,1,66.7893,105.4406,68.2856,24.7135,Windows
300,2,65.131,98.9279,74.1696,21.9948,Windows
300,3,64.4278,103.3689,69.4257,22.5091,Windows
300,4,63.4265,94.3668,69.4831,22.2405,Windows
300,5,62.4766,87.2769,65.7443,22.7338,Windows
300,6,62.913,87.5815,68.1447,22.3051,Windows
300,7,63.0329,86.3498,65.9488,22.0806,Windows
300,8,64.0308,86.8514,66.1236,22.2352,Windows
300,9,62.5981,86.8236,66.6954,22.0024,Windows
300,10,62.7771,88.4298,65.9788,22.7202,Windows
300,11,63.2388,89.6038,66.0591,21.8004,Windows
300,12,63.9603,87.2977,66.5278,22.0087,Windows
300,13,63.3228,87.8726,67.1619,22.4987,Windows
300,14,63.4655,86.4974,67.3442,22.0422,Windows
300,15,64.029,87.0723,66.9548,24.0631,Windows
300,16,63.4106,88.3324,66.7512,22.0659,Windows
300,17,62.9378,88.0921,66.9901,22.2128,Windows
300,18,63.6746,86.9077,66.8585,22.3842,Windows
300,19,63.2337,87.9501,65.531,21.9662,Windows
300,20,62.7544,89.9897,66.3323,22.0269,Windows
300,21,63.1913,87.9863,68.2085,22.3943,Windows
300,22,63.971,88.6872,65.739,22.1341,Windows
300,23,62.8448,87.7375,66.0769,22.0604,Windows
300,24,63.9442,86.2741,67.6486,22.5206,Windows
300,25,63.1492,89.9388,66.946,22.1166,Windows
300,26,62.8341,87.2891,67.0077,22.0194,Windows
300,27,62.6429,88.0908,68.4554,22.4214,Windows
300,28,63.5364,89.3185,66.5961,22.2069,Windows
300,29,63.3272,89.6162,66.572,22.2886,Windows
300,30,62.998,89.2858,67.4656,22.2994,Windows
300,31,62.9607,88.8742,66.3886,22.4223,Windows
300,32,63.2781,89.5321,67.0928,23.1883,Windows
300,33,63.8552,88.672,67.8499,22.2479,Windows
300,34,63.4341,89.7205,68.547,22.1772,Windows
300,35,63.828,88.0281,67.5857,22.2419,Windows
300,36,63.6063,88.2806,67.4538,22.3062,Windows
300,37,63.4748,93.3909,69.8045,22.7176,Windows
300,38,64.0648,88.9736,68.227,22.1949,Windows
300,39,63.6036,93.7769,67.1786,22.3112,Windows
300,40,62.2795,94.8288,67.8079,21.9627,Windows
300,41,63.0672,87.2372,65.7048,21.7287,Windows
300,42,62.201,87.0954,65.8823,22.7513,Windows
300,43,63.3658,88.0057,65.5925,22.035,Windows
300,44,63.9001,90.227,65.228,22.2511,Windows
300,45,63.5291,88.2237,67.0754,22.1924,Windows
300,46,63.156,85.6055,65.7792,22.0952,Windows
300,47,63.4441,89.1607,67.0338,22.0478,Windows
300,48,63.7091,84.3315,65.8249,22.1397,Windows
300,49,62.9931,86.4876,65.7111,22.103,Windows
300,50,62.808,87.5313,66.2363,22.3287,Windows
300,51,63.7008,86.3045,65.662,22.327,Windows
300,52,62.8044,85.6167,66.996,22.1761,Windows
300,53,62.6581,89.6748,66.7356,22.3008,Windows
300,54,63.3427,85.4586,66.7636,22.3312,Windows
300,55,63.5323,87.3751,66.6835,22.3051,Windows
300,56,63.577,90.122,68.7149,22.7457,Windows
300,57,64.1552,88.611,66.1244,22.173,Windows
300,58,63.4814,86.0019,65.8937,22.2723,Windows
300,59,63.6154,90.6774,67.6239,21.8934,Windows
300,60,63.3783,85.2815,65.1264,22.8234,Windows
300,61,64.4907,85.8146,66.6313,22.453,Windows
300,62,64.093,89.9101,67.0226,22.1107,Windows
300,63,64.2764,87.868,66.7298,22.4288,Windows
300,64,62.3647,85.2363,65.5587,22.0436,Windows
300,65,63.9909,90.2787,67.5055,22.1497,Windows
300,66,63.8169,87.5854,65.4797,22.2923,Windows
300,67,63.5617,90.9282,70.7095,22.0979,Windows
300,68,62.9702,86.2666,67.8523,21.8592,Windows
300,69,62.5975,87.0655,67.6706,22.1043,Windows
300,70,63.1566,86.5507,67.3222,22.5952,Windows
300,71,63.226,87.6345,69.5032,22.133,Windows
300,72,62.9065,86.475,68.6828,22.4225,Windows
300,73,63.3204,86.7472,66.6941,22.2683,Windows
300,74,63.4027,89.5224,69.4097,22.002,Windows
300,75,64.243,87.8301,68.1796,22.2114,Windows
300,76,63.8845,85.4744,66.3662,22.3627,Windows
300,77,62.9525,87.1599,68.3342,21.9936,Windows
300,78,63.7741,87.4977,67.7577,22.3316,Windows
300,79,64.1657,85.0466,65.2764,22.1812,Windows
300,80,64.0187,90.1951,68.9244,22.5892,Windows
300,81,63.4678,89.4464,68.6266,22.5605,Windows
300,82,64.1241,84.5879,66.7675,22.0487,Windows
300,83,63.2421,88.8624,68.632,22.3485,Windows
300,84,64.0112,88.8854,68.4766,21.9913,Windows
300,85,63.9775,85.9593,66.8126,22.1342,Windows
300,86,63.0277,87.2055,68.5246,22.1794,Windows
300,87,63.9318,87.6862,68.7813,22.2479,Windows
300,88,65.7116,86.6512,66.2577,22.0834,Windows
300,89,63.7158,86.792,68.0183,21.9243,Windows
300,90,65.6469,89.1024,70.0052,22.5978,Windows
300,91,65.0105,86.8049,67.8442,23.0558,Windows
300,92,64.5024,91.3956,70.9361,23.5082,Windows
300,93,64.3324,88.2231,68.5371,22.1256,Windows
300,94,64.2759,84.6278,65.3271,22.4542,Windows
300,95,64.3461,87.8715,67.7101,22.5478,Windows
300,96,64.432,87.4688,67.6732,22.1811,Windows
300,97,62.5761,85.2344,65.483,22.1444,Windows
300,98,63.8234,89.5208,68.8328,22.142,Windows
300,99,64.653,87.9061,67.4572,22.0634,Windows
300,100,63.2126,85.3436,66.4544,22.1074,Windows
400,1,85.4626,137.8402,89.8525,29.9776,Windows
400,2,84.2325,149.6392,103.4749,29.067,Windows
400,3,84.9741,125.3531,94.4174,29.3374,Windows
400,4,95.3455,126.5828,92.8007,30.1498,Windows
400,5,84.3576,126.3846,94.6081,29.4169,Windows
400,6,84.0189,114.5623,89.845,29.2854,Windows
400,7,85.4343,116.3922,88.6472,29.8916,Windows
400,8,84.1056,119.0184,90.4848,29.5909,Windows
400,9,84.9727,119.5455,92.6356,29.9971,Windows
400,10,85.0172,114.1912,90.1059,29.5334,Windows
400,11,85.8925,118.624,91.2107,29.3799,Windows
400,12,85.9771,117.4036,91.598,30.3674,Windows
400,13,86.5814,115.5145,89.8315,29.6264,Windows
400,14,84.9012,128.4521,94.1474,29.2263,Windows
400,15,84.1357,114.3856,89.2339,29.3306,Windows
400,16,86.129,116.7033,91.2842,29.1284,Windows
400,17,85.5428,115.6353,85.8577,29.7259,Windows
400,18,83.8904,112.9793,89.7899,29.4827,Windows
400,19,85.0117,114.3301,89.3423,29.4943,Windows
400,20,84.597,115.7485,86.0356,29.2698,Windows
400,21,84.674,119.278,89.2717,29.8424,Windows
400,22,85.0384,113.3134,89.3265,29.4668,Windows
400,23,84.8163,113.291,87.8736,29.3914,Windows
400,24,85.1437,116.306,89.5171,29.8932,Windows
400,25,84.5937,115.9455,88.3679,29.2774,Windows
400,26,85.708,117.6183,89.0057,29.3408,Windows
400,27,84.4876,116.3347,89.7375,30.729,Windows
400,28,84.1146,113.8557,87.6275,29.5818,Windows
400,29,85.4372,114.875,87.1401,29.667,Windows
400,30,86.9501,115.6919,89.7858,29.6204,Windows
400,31,84.7664,115.1024,89.8175,29.6523,Windows
400,32,85.4562,112.2041,87.2873,29.3649,Windows
400,33,84.9579,115.7807,90.5605,29.3144,Windows
400,34,85.3296,114.5883,88.4897,29.4545,Windows
400,35,85.1282,115.0036,87.5532,29.3484,Windows
400,36,85.565,113.6971,90.4637,29.2691,Windows
400,37,85.5291,114.541,89.3428,29.8958,Windows
400,38,85.0513,112.0109,88.0931,29.419,Windows
400,39,85.3414,115.1241,88.3873,29.5404,Windows
400,40,84.7332,117.1238,89.8081,31.2035,Windows
400,41,85.199,113.1621,89.2646,29.8077,Windows
400,42,85.6639,117.5118,89.5319,29.7515,Windows
400,43,85.2762,115.0034,88.2849,29.2747,Windows
400,44,84.6968,116.2564,88.9132,29.9113,Windows
400,45,85.9144,117.1646,90.0836,29.9875,Windows
400,46,84.6979,113.2208,88.1509,29.6233,Windows
400,47,85.2916,112.0403,88.5853,29.7933,Windows
400,48,84.4032,116.9116,90.1491,29.6706,Windows
400,49,84.8125,112.6192,87.2793,29.5404,Windows
400,50,86.3157,114.4813,87.8227,30.0255,Windows
400,51,85.3427,117.4195,98.5248,29.185,Windows
400,52,84.3683,117.2643,90.6281,30.3973,Windows
400,53,84.6772,113.9585,90.2981,30.1581,Windows
400,54,84.8011,125.0844,87.8751,29.3459,Windows
400,55,84.7377,125.0409,96.5325,30.4126,Windows
400,56,84.444,112.6764,87.6406,30.2211,Windows
400,57,84.9163,113.9976,87.5235,29.4801,Windows
400,58,87.251,116.1271,90.6897,30.6756,Windows
400,59,84.7394,115.4767,88.8683,29.7814,Windows
400,60,84.9297,115.3175,88.7327,29.5289,Windows
400,61,85.6579,113.7091,88.3438,30.0662,Windows
400,62,79.1097,113.5592,90.1203,30.4698,Windows
400,63,83.8218,117.574,87.6846,30.3057,Windows
400,64,85.5616,122.1047,89.2022,30.3207,Windows
400,65,86.861,117.1853,89.351,29.7559,Windows
400,66,85.0291,114.7884,87.5895,29.279,Windows
400,67,84.1451,113.9891,87.9172,29.7259,Windows
400,68,86.674,112.9557,88.0417,29.3468,Windows
400,69,84.7105,117.0695,86.924,29.4283,Windows
400,70,84.4805,114.1272,88.7199,29.7637,Windows
400,71,85.7372,115.4575,91.0079,29.9722,Windows
400,72,84.2941,114.7303,88.3024,29.3083,Windows
400,73,84.3796,112.454,87.7984,29.6626,Windows
400,74,84.6277,112.7133,86.8126,29.321,Windows
400,75,85.5987,112.2068,87.7586,29.3435,Windows
400,76,84.5019,116.4767,88.8697,29.5876,Windows
400,77,84.4112,115.4708,86.9967,29.6077,Windows
400,78,85.1667,112.0038,88.4508,29.1881,Windows
400,79,84.3581,115.6083,87.474,30.1962,Windows
400,80,84.2509,113.0866,87.7035,29.6319,Windows
400,81,85.1336,114.9073,87.4714,30.0009,Windows
400,82,84.9846,114.3177,86.9344,29.4071,Windows
400,83,86.0497,114.9336,88.8248,29.5728,Windows
400,84,84.4286,113.4141,87.5637,29.1535,Windows
400,85,84.3932,114.177,89.9559,29.8804,Windows
400,86,84.4868,116.3754,87.5686,29.5465,Windows
400,87,84.2496,113.802,87.0868,30.5626,Windows
400,88,85.5446,117.5947,89.4017,29.3932,Windows
400,89,84.4526,115.0832,87.5562,29.611,Windows
400,90,84.4161,112.6317,88.669,30.2052,Windows
400,91,86.3028,116.7802,87.3559,29.1522,Windows
400,92,85.7357,114.0592,87.3748,29.6752,Windows
400,93,84.9461,116.3676,88.0924,29.73,Windows
400,94,84.6011,114.5731,88.5367,30.0824,Windows
400,95,86.1837,112.7022,89.4091,29.5263,Windows
400,96,84.1856,112.1018,87.192,30.1114,Windows
400,97,85.9119,113.7732,88.7587,30.8177,Windows
400,98,85.074,114.44,87.9038,29.2672,Windows
400,99,84.5857,120.5547,90.3061,29.7623,Windows
400,100,85.3401,113.3248,89.7286,29.1638,Windows
500,1,106.6104,170.9768,108.9043,36.6578,Windows
500,2,106.6339,154.4907,115.8241,40.4677,Windows
500,3,106.5443,156.1923,112.5402,36.9607,Windows
500,4,105.0369,153.3931,110.3829,37.6529,Windows
500,5,105.2276,155.6123,114.1142,37.5796,Windows
500,6,105.6236,142.9671,109.6807,36.9159,Windows
500,7,105.4972,145.415,111.6192,37.2683,Windows
500,8,106.9361,143.257,113.4205,36.5592,Windows
500,9,106.729,148.4268,109.8583,37.5342,Windows
500,10,108.0458,145.9923,112.6998,37.2567,Windows
500,11,106.6736,145.9866,110.902,36.7425,Windows
500,12,107.0327,145.878,113.3938,37.1288,Windows
500,13,110.0113,147.2053,114.4551,37.2073,Windows
500,14,107.6888,144.1727,114.2592,37.1481,Windows
500,15,106.2747,149.7754,111.9673,37.3901,Windows
500,16,106.4608,143.9862,112.6994,37.7339,Windows
500,17,108.8424,147.4444,114.8313,37.7504,Windows
500,18,106.0764,145.4947,111.1238,36.6243,Windows
500,19,108.2619,150.942,115.5328,37.7589,Windows
500,20,106.0626,144.8503,113.2497,37.4396,Windows
500,21,107.4559,145.636,111.8609,37.7151,Windows
500,22,106.7853,144.671,110.8463,37.2928,Windows
500,23,107.0112,143.2853,110.3219,37.7677,Windows
500,24,109.4831,153.0331,109.6833,37.5863,Windows
500,25,107.7909,144.3829,111.0223,37.0329,Windows
500,26,106.469,141.039,112.7735,36.7433,Windows
500,27,106.4138,145.9227,110.2985,36.589,Windows
500,28,105.7231,145.3144,119.4358,42.855,Windows
500,29,108.8251,148.5897,112.5554,36.8284,Windows
500,30,108.22,146.0358,110.8221,36.8753,Windows
500,31,106.8889,144.8047,111.6874,37.6937,Windows
500,32,107.6184,145.5697,111.5936,37.3996,Windows
500,33,107.7285,144.2843,112.3091,37.94,Windows
500,34,108.1716,143.6308,110.4068,38.6151,Windows
500,35,107.1485,142.106,115.8985,37.0865,Windows
500,36,109.4396,144.1351,111.5467,37.1962,Windows
500,37,106.5213,151.6027,114.5896,38.7444,Windows
500,38,106.4497,150.3359,112.5239,37.0183,Windows
500,39,106.3706,142.541,112.9297,36.3576,Windows
500,40,107.1838,144.2725,110.0331,36.9502,Windows
500,41,107.0053,143.3292,111.1642,40.6889,Windows
500,42,106.063,142.8174,109.7595,36.971,Windows
500,43,105.2839,146.0478,110.2115,37.3561,Windows
500,44,108.0407,142.0734,110.035,37.4224,Windows
500,45,105.9771,143.3068,112.5408,38.4903,Windows
500,46,106.5983,144.2611,111.07,36.8502,Windows
500,47,107.9902,141.6598,113.5965,37.4741,Windows
500,48,107.6142,141.1655,111.0921,38.7334,Windows
500,49,106.1627,148.3145,110.2554,37.0579,Windows
500,50,107.6556,144.9887,118.3938,38.4662,Windows
500,51,109.1299,146.1276,112.9415,37.8996,Windows
500,52,107.6804,145.7513,112.6679,37.7226,Windows
500,53,106.7772,155.2323,113.0395,37.7702,Windows
500,54,106.6086,147.305,114.1688,39.9663,Windows
500,55,109.3852,152.626,113.9425,38.9573,Windows
500,56,110.9941,148.934,115.72,39.6655,Windows
500,57,110.2315,149.2985,115.0377,38.0546,Windows
500,58,106.5221,143.6407,109.8774,38.4131,Windows
500,59,107.2372,143.6517,115.2202,40.0491,Windows
500,60,105.4753,153.0614,109.3532,37.0571,Windows
500,61,106.959,153.7553,112.5811,36.7783,Windows
500,62,106.2182,144.5872,111.2499,37.5709,Windows
500,63,106.455,141.0425,110.754,37.2666,Windows
500,64,107.2506,141.7277,111.1067,37.2752,Windows
500,65,106.9412,142.8829,110.4142,36.6175,Windows
500,66,105.2772,140.2466,116.4704,37.4477,Windows
500,67,107.7895,142.5442,112.795,37.1578,Windows
500,68,105.3072,141.9764,114.7656,37.5237,Windows
500,69,106.2011,144.457,110.4632,37.2855,Windows
500,70,105.8479,145.6897,110.2674,37.4776,Windows
500,71,104.7727,142.9519,109.7557,36.8639,Windows
500,72,107.1984,149.654,111.163,37.3125,Windows
500,73,107.6791,142.7616,120.609,39.9638,Windows
500,74,111.2775,154.2265,121.0409,40.591,Windows
500,75,114.1643,160.8507,110.3975,37.8991,Windows
500,76,107.229,150.4426,114.0541,37.5222,Windows
500,77,106.6744,144.588,116.6139,39.3122,Windows
500,78,114.0094,158.1125,114.9865,40.9736,Windows
500,79,115.3428,152.6102,128.6824,49.7853,Windows
500,80,116.1221,188.1512,169.4622,45.4037,Windows
500,81,124.8194,149.5546,119.9033,38.9505,Windows
500,82,111.7398,152.5893,122.6993,37.8576,Windows
500,83,110.6704,147.0232,117.8719,39.4473,Windows
500,84,107.8009,148.6945,120.8269,42.475,Windows
500,85,110.8318,162.061,129.5186,43.8877,Windows
500,86,118.4577,161.8069,137.1187,45.3227,Windows
500,87,110.8889,149.2062,116.2562,39.4835,Windows
500,88,111.6232,155.6281,120.0043,38.7693,Windows
500,89,108.3282,160.6303,117.6163,41.7059,Windows
500,90,120.3099,158.9161,124.546,39.1528,Windows
500,91,110.4394,162.041,123.4354,38.7317,Windows
500,92,110.2735,160.5623,126.4936,39.1134,Windows
500,93,109.7401,148.1348,113.7372,37.7665,Windows
500,94,109.9657,149.3855,114.4692,38.1203,Windows
500,95,108.2216,157.9838,121.9814,39.432,Windows
500,96,110.9814,148.2397,115.972,40.1853,Windows
500,97,108.0899,153.2354,114.6535,40.5325,Windows
500,98,109.0276,147.8203,113.6935,37.3208,Windows
500,99,110.3968,148.5803,114.5799,38.4124,Windows
500,100,107.955,159.1736,120.5334,41.598,Windows
600,1,130.5362,205.7903,146.0274,52.2945,Windows
600,2,133.2914,195.7888,150.6056,44.914,Windows
600,3,135.8981,187.7475,149.1184,46.8928,Windows
600,4,130.8114,200.2484,144.0406,47.3065,Windows
600,5,129.5499,198.5877,153.3712,54.2729,Windows
600,6,138.9345,199.3531,156.6304,46.2821,Windows
600,7,131.2265,189.2319,141.1474,47.5727,Windows
600,8,133.3923,177.1593,142.3429,46.5957,Windows
600,9,132.5391,181.3901,136.6688,46.6437,Windows
600,10,132.4401,175.2167,135.9037,45.6243,Windows
600,11,132.5946,181.3591,137.9522,53.0379,Windows
600,12,131.2267,177.2745,138.0381,47.152,Windows
600,13,132.7355,178.7641,136.4594,50.4882,Windows
600,14,133.4054,185.8559,289.7741,89.4037,Windows
600,15,148.6036,212.6767,142.0515,49.3617,Windows
600,16,132.3423,186.0643,141.1771,48.6425,Windows
600,17,136.5172,179.0937,141.4671,46.6832,Windows
600,18,134.9478,193.8539,140.5709,47.2937,Windows
600,19,134.1646,186.4428,137.3749,46.3706,Windows
600,20,132.4825,180.8228,143.744,46.6327,Windows
600,21,133.9936,184.31,141.3194,48.6174,Windows
600,22,129.7488,174.2374,133.2922,45.0103,Windows
600,23,131.1939,179.0058,138.0289,49.7454,Windows
600,24,134.4962,178.0903,136.8666,45.3192,Windows
600,25,129.0561,173.8278,132.8797,45.9495,Windows
600,26,127.7755,176.3403,136.0457,44.8031,Windows
600,27,127.6771,170.1632,131.5455,44.2993,Windows
600,28,126.1945,170.3877,133.0172,45.9093,Windows
600,29,131.0233,178.1724,138.427,45.6628,Windows
600,30,128.5934,173.5336,134.2441,45.4214,Windows
600,31,129.4301,173.4239,135.5984,47.6545,Windows
600,32,129.0368,183.9295,140.4693,46.7301,Windows
600,33,131.7245,178.8791,140.8278,47.524,Windows
600,34,134.6249,178.8435,139.5236,45.6603,Windows
600,35,131.5176,174.3827,147.5405,46.9904,Windows
600,36,133.717,189.6291,142.3369,51.7963,Windows
600,37,147.7141,184.3518,141.7101,45.8829,Windows
600,38,136.061,176.3792,137.7357,46.3751,Windows
600,39,129.1605,170.5872,142.5762,46.3504,Windows
600,40,128.0497,171.6309,134.2757,44.9992,Windows
600,41,128.3224,174.1483,135.1266,44.9698,Windows
600,42,127.0752,173.721,132.3655,44.5232,Windows
600,43,128.4827,173.8946,132.6013,46.1131,Windows
600,44,127.6401,175.3306,135.0904,45.3936,Windows
600,45,128.5549,172.148,133.0036,45.5937,Windows
600,46,126.1797,171.6394,131.3976,44.5242,Windows
600,47,126.0663,173.3568,134.309,45.5403,Windows
600,48,127.2204,171.5054,131.9415,44.8723,Windows
600,49,128.423,172.9625,135.4402,44.3667,Windows
600,50,127.7698,172.1009,134.1837,44.0532,Windows
600,51,126.6227,173.4924,130.7246,44.6731,Windows
600,52,128.9874,172.4867,131.6691,44.1745,Windows
600,53,130.8366,171.977,134.5866,44.8743,Windows
600,54,127.4974,176.0708,134.1006,44.3051,Windows
600,55,127.5778,170.8423,131.8761,44.7045,Windows
600,56,128.4937,175.5644,135.6227,44.4478,Windows
600,57,128.8038,174.0797,131.9531,44.9451,Windows
600,58,127.5169,173.6714,132.5385,44.5276,Windows
600,59,127.4582,179.3216,133.5386,44.7954,Windows
600,60,130.0491,170.4601,130.6808,45.001,Windows
600,61,127.859,173.199,132.3811,45.1586,Windows
600,62,128.6655,178.2315,134.9854,44.2686,Windows
600,63,127.7193,172.3784,129.9322,44.666,Windows
600,64,125.184,171.7292,130.935,44.735,Windows
600,65,128.1876,173.4096,133.0432,45.066,Windows
600,66,129.4892,171.8758,132.2618,44.2754,Windows
600,67,126.8177,173.1009,133.9855,45.8417,Windows
600,68,127.693,175.9863,134.1011,46.1268,Windows
600,69,128.4793,172.9983,135.0872,45.0672,Windows
600,70,127.4663,171.317,132.7696,44.5209,Windows
600,71,127.0678,181.3643,133.4641,45.0423,Windows
600,72,127.1902,171.0373,132.8153,46.0527,Windows
600,73,127.6165,169.77,132.4283,45.3866,Windows
600,74,128.3209,172.4196,135.3579,45.749,Windows
600,75,128.4949,170.4049,132.633,44.5955,Windows
600,76,127.6624,169.5713,132.3372,45.1232,Windows
600,77,128.1742,171.0333,133.9272,45.0178,Windows
600,78,128.7832,175.2168,131.7107,44.3755,Windows
600,79,127.7585,173.6091,132.2879,45.3997,Windows
600,80,129.3666,176.3892,139.523,46.2324,Windows
600,81,131.291,177.5186,131.3923,46.4498,Windows
600,82,127.7015,173.2916,132.5756,45.0092,Windows
600,83,128.3789,174.9343,133.9406,44.1746,Windows
600,84,128.2912,174.3472,136.0767,50.481,Windows
600,85,130.9758,187.7524,147.1643,46.5268,Windows
600,86,129.5313,176.7101,133.666,45.1719,Windows
600,87,125.772,175.7012,136.5929,45.2238,Windows
600,88,127.8829,170.0537,130.3937,46.9111,Windows
600,89,127.2309,183.1441,139.0595,46.2382,Windows
600,90,128.819,188.0738,132.3738,44.8107,Windows
600,91,128.2101,169.987,134.5549,46.1779,Windows
600,92,131.8,174.2065,138.1178,44.6297,Windows
600,93,128.6834,171.6993,134.6177,45.2847,Windows
600,94,129.2302,175.7707,131.4045,44.5701,Windows
600,95,127.5229,174.9567,135.0344,44.2713,Windows
600,96,128.06,169.2742,130.3391,44.2197,Windows
600,97,129.4628,172.8352,133.1717,44.6942,Windows
600,98,130.0362,176.496,135.278,44.9508,Windows
600,99,127.8688,171.6897,130.1847,44.8216,Windows
600,100,128.7957,174.4493,130.1263,45.1831,Windows
700,1,151.0997,249.3071,174.2104,63.2738,Windows
700,2,152.2379,253.9542,176.48,52.2081,Windows
700,3,149.8208,213.4087,158.8137,52.0282,Windows
700,4,149.2779,230.34,162.583,51.6434,Windows
700,5,147.9454,205.0611,157.7017,51.8181,Windows
700,6,148.4381,202.2908,155.8954,51.9408,Windows
700,7,149.6953,207.0413,161.558,51.3732,Windows
700,8,150.0497,212.4282,158.8292,51.9457,Windows
700,9,147.0917,201.1483,157.3012,52.5771,Windows
700,10,148.2005,210.3175,162.0726,52.1844,Windows
700,11,147.4627,211.5205,152.6404,51.589,Windows
700,12,149.3333,203.4666,155.6287,52.7464,Windows
700,13,148.0188,208.0738,162.5222,53.0127,Windows
700,14,150.3426,202.7944,156.0978,52.5262,Windows
700,15,147.8842,201.1079,155.6558,51.8187,Windows
700,16,148.8978,213.6177,163.1832,51.3981,Windows
700,17,148.5329,203.6634,157.3037,52.6608,Windows
700,18,148.7074,199.0117,157.9269,53.8628,Windows
700,19,149.8826,213.0179,163.5252,52.4408,Windows
700,20,148.8744,206.6107,153.2051,51.7746,Windows
700,21,150.1099,201.3468,154.1642,52.9884,Windows
700,22,148.0803,207.3416,160.2907,52.8447,Windows
700,23,150.0355,215.6562,165.8242,55.4149,Windows
700,24,151.2444,204.3012,156.0148,52.1261,Windows
700,25,151.1,212.2037,162.9836,52.6679,Windows
700,26,148.5935,199.7481,156.4118,51.7646,Windows
700,27,147.8693,200.474,154.2564,51.9764,Windows
700,28,150.2981,220.0183,169.5624,51.3531,Windows
700,29,147.9519,214.3488,151.9076,52.0608,Windows
700,30,148.3043,197.343,155.7418,53.3773,Windows
700,31,148.6917,206.2703,162.5905,52.0767,Windows
700,32,148.6089,202.4971,153.8332,52.5065,Windows
700,33,148.4257,200.3551,154.4356,51.7545,Windows
700,34,150.0986,209.1657,160.4819,52.6978,Windows
700,35,148.6611,206.2297,164.6949,53.118,Windows
700,36,147.5899,198.6341,156.6846,51.8577,Windows
700,37,148.7945,225.2214,166.6494,61.4637,Windows
700,38,160.5941,236.8145,163.9338,56.4898,Windows
700,39,160.2071,226.4298,156.658,53.0883,Windows
700,40,152.4819,230.9234,176.0489,53.9289,Windows
700,41,155.9455,219.7731,185.8971,57.4028,Windows
700,42,158.1112,251.8387,182.2413,61.3708,Windows
700,43,155.361,235.4938,186.5143,85.9543,Windows
700,44,212.0952,217.1743,162.8135,55.7562,Windows
700,45,151.1778,215.3941,162.6834,60.1731,Windows
700,46,149.7225,231.2578,163.0885,54.329,Windows
700,47,163.7799,233.7538,183.551,56.7541,Windows
700,48,154.428,226.4489,209.514,64.9593,Windows
700,49,251.8937,249.8815,176.0474,84.9365,Windows
700,50,336.8351,209.0812,165.5765,63.128,Windows
700,51,171.2,259.1334,169.1985,56.0935,Windows
700,52,152.7328,226.7825,157.6432,52.6326,Windows
700,53,148.1358,216.7048,170.7863,52.506,Windows
700,54,151.9771,266.7774,172.4255,63.7473,Windows
700,55,157.1795,214.0257,167.4103,55.1432,Windows
700,56,155.8057,216.0449,225.0284,71.9786,Windows
700,57,162.0753,237.6301,168.9669,61.3084,Windows
700,58,169.7094,545.2541,215.9962,64.2061,Windows
700,59,163.1964,243.4061,173.6194,81.7088,Windows
700,60,199.9031,239.5699,167.7221,59.2578,Windows
700,61,163.1978,229.3318,159.9114,52.0463,Windows
700,62,149.431,217.4211,160.3855,52.0876,Windows
700,63,151.8815,196.7139,156.7567,53.2226,Windows
700,64,148.6019,197.743,154.0295,52.9478,Windows
700,65,147.3604,199.6728,152.3301,53.2181,Windows
700,66,148.3341,197.7956,152.811,51.9155,Windows
700,67,148.5088,203.5668,156.6164,51.9198,Windows
700,68,149.1186,200.0988,156.6374,51.8595,Windows
700,69,149.1086,202.8608,152.2692,52.0866,Windows
700,70,147.9579,198.3918,155.0218,51.3743,Windows
700,71,149.7783,197.8964,152.1935,52.8336,Windows
700,72,149.2425,200.0867,153.6064,52.8512,Windows
700,73,147.4589,199.857,154.3759,52.0475,Windows
700,74,147.9113,197.9103,153.4599,53.3665,Windows
700,75,149.2738,200.992,153.0391,51.9147,Windows
700,76,150.266,204.8692,153.3127,52.9822,Windows
700,77,148.7523,199.5679,154.232,52.386,Windows
700,78,146.6618,196.3391,153.3006,52.0676,Windows
700,79,149.2766,200.1006,153.6964,52.2603,Windows
700,80,149.1927,200.1644,154.1049,53.8089,Windows
700,81,147.2856,197.5317,155.5127,51.3325,Windows
700,82,148.8783,200.7869,156.0776,51.4058,Windows
700,83,147.9951,201.1589,155.1781,52.2971,Windows
700,84,151.092,200.083,154.8673,55.9793,Windows
700,85,148.6135,198.9965,155.1501,51.9285,Windows
700,86,148.1291,201.3651,153.1499,53.0311,Windows
700,87,150.1766,197.9394,154.2115,51.697,Windows
700,88,149.1496,197.6072,156.2551,52.4663,Windows
700,89,148.5732,201.9504,153.8705,52.2481,Windows
700,90,148.3856,201.2115,153.0661,51.8261,Windows
700,91,147.7419,200.6179,158.0459,53.6681,Windows
700,92,149.3751,200.5345,156.4258,51.5299,Windows
700,93,150.0514,198.7907,154.3749,52.3564,Windows
700,94,147.415,202.7779,156.1588,52.3939,Windows
700,95,151.8149,209.9248,164.718,52.3561,Windows
700,96,182.2293,213.1258,159.9107,53.0731,Windows
700,97,150.2795,204.1511,156.9064,52.2298,Windows
700,98,148.3685,201.5385,154.6371,51.889,Windows
700,99,150.6489,199.715,154.3443,52.0981,Windows
700,100,148.2906,202.1107,157.007,52.197,Windows
800,1,162.9887,254.197,187.396,60.5606,Windows
800,2,170.4095,243.7576,186.9384,60.8164,Windows
800,3,169.1982,262.016,189.7098,60.3329,Windows
800,4,168.6005,231.5875,182.391,59.7715,Windows
800,5,172.1511,232.9439,178.2961,62.0431,Windows
800,6,170.6157,229.6212,180.9726,59.2663,Windows
800,7,170.5077,241.0644,181.5242,61.1126,Windows
800,8,171.1932,234.3999,179.869,59.7878,Windows
800,9,167.8456,228.9107,176.6652,59.731,Windows
800,10,188.1849,296.4201,189.2964,73.9883,Windows
800,11,177.3581,237.4333,177.2891,59.0474,Windows
800,12,168.9854,232.1561,178.9787,60.9869,Windows
800,13,169.8403,231.2385,177.3898,60.6587,Windows
800,14,171.012,233.3979,182.443,60.0557,Windows
800,15,169.861,229.9993,181.1919,59.5738,Windows
800,16,169.9721,228.5511,178.8841,61.7259,Windows
800,17,172.2229,233.8875,179.8793,59.551,Windows
800,18,172.4845,237.1693,182.5091,59.3691,Windows
800,19,170.9854,234.1078,187.0688,67.3435,Windows
800,20,171.5305,234.0302,179.8525,59.7695,Windows
800,21,173.1344,233.0246,181.9847,60.5032,Windows
800,22,171.4975,236.4177,179.8779,60.4029,Windows
800,23,169.5047,234.441,178.2599,59.3778,Windows
800,24,170.2869,232.8357,178.9762,60.1538,Windows
800,25,169.5633,227.1024,179.8865,61.6209,Windows
800,26,172.112,229.6035,177.0998,58.5705,Windows
800,27,169.2062,237.9437,180.8051,59.2496,Windows
800,28,170.0331,230.9919,179.1449,59.7657,Windows
800,29,168.6505,230.608,179.9407,61.2767,Windows
800,30,172.5168,238.5416,181.1893,59.3849,Windows
800,31,171.2966,233.3532,181.6643,59.8417,Windows
800,32,171.0537,231.0127,178.572,59.0798,Windows
800,33,171.8152,232.2123,181.4535,60.0065,Windows
800,34,170.6522,233.701,180.866,60.9075,Windows
800,35,169.6813,249.2857,174.6171,61.1535,Windows
800,36,170.5387,239.8753,191.3884,62.851,Windows
800,37,174.8123,230.0557,179.956,59.9369,Windows
800,38,169.935,228.4361,177.3822,60.1992,Windows
800,39,168.3804,229.0031,176.1392,59.8872,Windows
800,40,169.5315,224.5983,180.1306,61.6717,Windows
800,41,167.7382,231.7163,173.6996,60.5169,Windows
800,42,171.1096,231.5356,178.0791,60.5591,Windows
800,43,170.9092,233.6317,176.1952,59.9881,Windows
800,44,168.1342,230.7352,174.1585,59.4052,Windows
800,45,168.8056,227.585,178.2954,59.2216,Windows
800,46,170.0983,229.1173,176.7258,60.9314,Windows
800,47,170.7022,230.7581,172.9616,58.9946,Windows
800,48,171.1341,228.4737,179.4356,59.7328,Windows
800,49,171.2038,231.3687,177.9346,60.613,Windows
800,50,169.3692,228.9965,175.835,59.414,Windows
800,51,170.4332,230.9984,175.4631,60.1457,Windows
800,52,169.6218,226.008,175.1572,61.0154,Windows
800,53,170.53,228.7023,176.0339,60.0821,Windows
800,54,178.1859,228.7456,176.8931,59.2129,Windows
800,55,170.608,230.3309,177.9604,59.8852,Windows
800,56,172.0061,226.4302,176.0425,60.7778,Windows
800,57,170.4487,226.6261,176.0089,60.628,Windows
800,58,169.0921,227.6106,175.4667,59.1544,Windows
800,59,172.6963,232.132,178.1669,61.2993,Windows
800,60,171.3268,234.337,176.899,60.1519,Windows
800,61,170.8301,232.6509,177.4478,60.529,Windows
800,62,171.9515,229.122,179.3501,59.6865,Windows
800,63,170.1226,227.0931,179.0522,60.0394,Windows
800,64,170.6355,231.1512,177.8819,60.1417,Windows
800,65,170.9517,229.8809,177.4182,61.7569,Windows
800,66,177.0948,229.4807,175.7171,59.4735,Windows
800,67,173.8946,232.5772,177.7935,60.1856,Windows
800,68,171.478,229.4067,178.3867,60.1899,Windows
800,69,169.9134,232.4133,182.7511,60.2972,Windows
800,70,169.9807,228.5571,175.6271,60.131,Windows
800,71,171.2149,224.214,178.7398,61.3745,Windows
800,72,171.0802,243.5207,185.1724,62.6887,Windows
800,73,171.6639,234.0921,178.9621,60.1698,Windows
800,74,173.5536,232.6785,178.0843,59.688,Windows
800,75,169.4263,231.7785,178.9385,59.919,Windows
800,76,170.8325,233.912,176.0865,59.4334,Windows
800,77,170.3901,231.0885,177.2958,60.1227,Windows
800,78,176.9932,230.0625,177.9692,61.458,Windows
800,79,172.2862,232.4159,175.4785,60.0418,Windows
800,80,171.5025,227.8632,179.0215,59.719,Windows
800,81,171.448,228.1576,179.3846,61.6374,Windows
800,82,171.4532,229.0432,175.3698,59.4876,Windows
800,83,170.1107,232.7513,174.6479,59.5465,Windows
800,84,170.3058,227.8284,177.5682,60.2614,Windows
800,85,169.9576,232.4879,180.4265,59.6295,Windows
800,86,171.4309,229.3837,178.3708,59.375,Windows
800,87,167.7531,227.6913,176.0608,59.3425,Windows
800,88,170.8706,228.4488,176.8813,63.135,Windows
800,89,171.1488,228.8813,177.7966,59.2455,Windows
800,90,169.0501,231.4395,179.031,59.7,Windows
800,91,171.4643,231.7025,177.8901,60.3185,Windows
800,92,173.148,230.627,176.4131,59.478,Windows
800,93,169.7896,229.5729,179.9166,60.6106,Windows
800,94,169.7104,234.5154,182.6822,61.352,Windows
800,95,172.2707,230.2464,174.9573,60.4745,Windows
800,96,170.3251,235.9662,176.721,59.1631,Windows
800,97,171.7147,231.1339,178.3297,66.811,Windows
800,98,173.9596,232.0256,178.5478,60.2244,Windows
800,99,171.266,231.8745,177.2602,59.6698,Windows
800,100,171.907,229.9712,176.2912,60.5656,Windows
900,1,194.3823,294.6683,223.476,81.6393,Windows
900,2,202.018,322.6199,215.6876,67.3079,Windows
900,3,192.087,305.78,208.5068,67.7759,Windows
900,4,190.6898,291.1791,209.542,70.5205,Windows
900,5,190.9459,259.946,199.6167,67.3363,Windows
900,6,190.7786,259.4006,201.1854,72.734,Windows
900,7,198.4629,263.9599,198.2641,67.2784,Windows
900,8,190.6054,261.6553,199.0816,68.2088,Windows
900,9,190.2002,260.3014,201.8405,68.2941,Windows
900,10,193.0125,255.8825,198.5328,67.5037,Windows
900,11,190.6581,258.8353,201.5765,67.4807,Windows
900,12,192.0014,271.1279,199.9669,66.1213,Windows
900,13,193.1603,270.6003,199.6877,67.6475,Windows
900,14,192.311,267.6157,203.8757,68.5181,Windows
900,15,192.2351,260.3011,199.5637,67.4275,Windows
900,16,191.9699,259.8205,200.3581,67.1002,Windows
900,17,191.3522,266.5646,203.7692,68.4497,Windows
900,18,192.7235,263.9952,204.4641,68.0876,Windows
900,19,192.7272,257.6456,200.7421,67.2502,Windows
900,20,191.3334,259.7745,203.8936,67.1366,Windows
900,21,191.778,261.207,199.2,66.9949,Windows
900,22,189.9008,267.209,204.3493,71.2373,Windows
900,23,190.8591,261.959,203.9755,67.4282,Windows
900,24,192.5674,261.462,202.8467,67.2715,Windows
900,25,189.2086,261.0255,199.2918,67.6967,Windows
900,26,190.752,261.2579,200.358,66.743,Windows
900,27,189.5364,261.606,199.6955,66.6194,Windows
900,28,189.5305,260.5559,201.966,66.4205,Windows
900,29,191.3325,258.5778,201.2392,67.8921,Windows
900,30,188.9102,263.032,201.702,66.9045,Windows
900,31,189.7916,284.2852,198.5074,66.6373,Windows
900,32,188.73,281.8985,202.9377,66.9172,Windows
900,33,190.5931,260.1711,203.6106,67.3003,Windows
900,34,190.3822,262.5245,201.4222,67.1011,Windows
900,35,191.4856,267.2574,202.2729,68.686,Windows
900,36,191.7603,276.9436,200.4138,67.7979,Windows
900,37,192.7816,262.7066,200.7751,67.19,Windows
900,38,190.7025,269.0639,214.9917,68.4143,Windows
900,39,198.069,260.8108,202.9396,67.4131,Windows
900,40,189.7495,258.8731,200.2759,66.8797,Windows
900,41,189.7062,261.6329,203.6709,67.6329,Windows
900,42,189.8415,261.6979,199.1405,68.0351,Windows
900,43,191.1925,261.0926,208.5156,66.6038,Windows
900,44,191.3356,263.4538,202.2017,67.1757,Windows
900,45,189.1871,259.0075,200.3173,67.0766,Windows
900,46,192.7718,260.493,200.3426,65.7547,Windows
900,47,191.303,270.7759,204.0747,73.7178,Windows
900,48,191.0075,271.7626,202.9253,66.8687,Windows
900,49,192.777,269.0352,198.0157,67.3046,Windows
900,50,190.1397,277.0593,202.2911,66.7042,Windows
900,51,191.8829,264.7866,199.8267,66.3477,Windows
900,52,189.4768,277.5153,207.7819,76.1896,Windows
900,53,192.1388,284.231,204.9109,81.0561,Windows
900,54,191.592,292.9985,198.1041,66.9419,Windows
900,55,193.0141,291.2579,209.0617,67.4433,Windows
900,56,190.1326,260.5573,199.5065,66.4887,Windows
900,57,191.8264,258.6465,200.3035,67.5007,Windows
900,58,192.1792,260.0678,196.2447,67.1698,Windows
900,59,192.1778,264.6196,202.5258,67.1335,Windows
900,60,191.5294,258.2986,197.3741,66.5601,Windows
900,61,194.0665,259.0014,202.3644,66.3078,Windows
900,62,190.8211,260.9671,201.8025,68.4259,Windows
900,63,191.1947,266.099,199.7396,66.9429,Windows
900,64,189.0397,275.6902,200.242,68.3262,Windows
900,65,189.8835,261.8157,202.7294,66.4342,Windows
900,66,190.631,259.8575,200.9249,66.2364,Windows
900,67,191.9354,259.2865,200.9077,67.1247,Windows
900,68,189.8482,266.2744,200.351,67.2427,Windows
900,69,189.4186,263.6674,198.9881,66.5252,Windows
900,70,192.7059,271.4276,206.7153,66.2684,Windows
900,71,190.5088,266.2696,200.7444,67.1412,Windows
900,72,189.9924,269.1746,199.2282,67.7791,Windows
900,73,190.1271,272.6804,197.088,65.7877,Windows
900,74,190.0002,261.412,199.7765,66.8332,Windows
900,75,190.9074,265.5263,200.7592,66.9554,Windows
900,76,192.2932,267.2884,202.4781,67.2844,Windows
900,77,191.6223,283.9237,200.4379,67.08,Windows
900,78,189.4809,257.0659,200.4475,66.3851,Windows
900,79,191.4196,260.4303,197.9617,66.9234,Windows
900,80,191.6232,280.0286,212.519,67.8998,Windows
900,81,191.064,261.3123,200.4512,68.9059,Windows
900,82,189.9022,260.1298,206.4653,77.7964,Windows
900,83,194.191,287.814,198.7413,67.2611,Windows
900,84,189.0194,281.4557,210.1605,66.7589,Windows
900,85,190.8182,259.7972,208.839,68.7387,Windows
900,86,191.5762,256.9429,200.6045,67.276,Windows
900,87,191.3918,254.8292,197.2805,66.8066,Windows
900,88,190.1197,258.7476,199.2578,66.8933,Windows
900,89,191.455,255.0713,199.5111,66.2877,Windows
900,90,192.4593,268.2689,199.8265,66.0111,Windows
900,91,190.0008,273.9594,199.0413,66.4155,Windows
900,92,191.5719,276.3463,200.1715,69.195,Windows
900,93,191.5147,282.168,200.2317,67.3627,Windows
900,94,191.8194,255.379,199.3936,66.9226,Windows
900,95,190.2486,255.939,198.4877,66.8515,Windows
900,96,190.0067,260.1462,199.6447,68.4634,Windows
900,97,191.6458,255.7254,197.6039,67.1337,Windows
900,98,190.1765,255.9249,201.6783,66.7791,Windows
900,99,192.7489,261.5136,197.7547,68.0373,Windows
900,100,190.1203,257.7456,196.9059,67.6543,Windows
1000,1,214.5951,305.4179,242.1697,92.5657,Windows
1000,2,228.3371,381.9111,245.3557,74.2819,Windows
1000,3,213.9547,339.9636,230.1336,75.3557,Windows
1000,4,213.949,323.0351,242.9934,75.7717,Windows
1000,5,213.9921,286.8039,220.6097,75.3497,Windows
1000,6,219.57,287.3453,219.4131,77.5126,Windows
1000,7,212.7091,284.3233,221.0319,73.7445,Windows
1000,8,212.9116,289.4733,222.3892,73.6471,Windows
1000,9,213.812,289.9041,220.8226,73.6929,Windows
1000,10,213.0187,287.2592,224.958,74.0563,Windows
1000,11,213.3025,286.5284,222.3312,77.1458,Windows
1000,12,215.79,289.6653,221.1974,74.7037,Windows
1000,13,214.3848,283.3489,220.0428,75.0374,Windows
1000,14,211.9914,285.7563,219.6306,74.3853,Windows
1000,15,212.4189,289.6499,223.8604,74.224,Windows
1000,16,213.364,290.3825,228.3077,75.5541,Windows
1000,17,211.7712,287.7222,224.3353,75.5042,Windows
1000,18,212.8434,291.229,244.7911,74.8868,Windows
1000,19,214.9307,298.3289,222.0818,73.7794,Windows
1000,20,211.7541,290.1572,221.1402,74.168,Windows
1000,21,211.7121,286.2241,222.057,73.4573,Windows
1000,22,214.5173,289.8968,221.2522,73.5891,Windows
1000,23,212.7452,284.0368,218.2308,74.8787,Windows
1000,24,211.1269,297.0012,221.3978,73.9775,Windows
1000,25,218.9387,287.4345,223.1018,76.1618,Windows
1000,26,212.7848,284.5204,222.1074,74.4272,Windows
1000,27,214.6902,285.775,221.6649,74.8233,Windows
1000,28,213.6334,285.8464,221.4876,74.1501,Windows
1000,29,210.8244,284.2411,220.2582,74.4844,Windows
1000,30,214.2884,300.8318,221.6169,76.7654,Windows
1000,31,212.0031,286.3104,219.5337,74.0014,Windows
1000,32,211.6741,283.5461,219.335,73.7669,Windows
1000,33,212.228,282.5896,218.6558,74.3111,Windows
1000,34,211.6184,285.6525,222.5584,75.4104,Windows
1000,35,210.809,287.5072,223.793,74.6307,Windows
1000,36,214.2425,281.3446,222.5308,73.7468,Windows
1000,37,213.5778,284.862,223.7376,76.1209,Windows
1000,38,212.4233,287.6016,222.342,74.5485,Windows
1000,39,214.5724,288.6718,219.8857,76.5625,Windows
1000,40,212.547,290.0876,223.5547,75.1607,Windows
1000,41,214.2146,288.3133,220.2265,74.339,Windows
1000,42,211.6786,290.5712,221.9467,74.4971,Windows
1000,43,213.4145,286.524,221.9984,74.7245,Windows
1000,44,211.491,288.5977,218.7026,73.3901,Windows
1000,45,214.9444,284.1428,218.1131,73.7966,Windows
1000,46,213.655,286.5093,222.8006,76.9508,Windows
1000,47,212.9684,287.4571,221.9434,75.0558,Windows
1000,48,214.2846,292.0468,223.2069,74.2185,Windows
1000,49,212.5856,292.9512,224.748,75.5244,Windows
1000,50,214.351,290.6442,222.5945,75.3979,Windows
1000,51,210.7773,288.9739,219.1015,74.4428,Windows
1000,52,211.6788,285.2743,222.2301,74.1151,Windows
1000,53,212.272,288.9067,223.1317,74.2268,Windows
1000,54,217.0169,287.9558,220.511,74.1767,Windows
1000,55,212.0049,289.5583,220.5017,73.4306,Windows
1000,56,212.9144,287.9827,222.4119,74.2653,Windows
1000,57,211.4631,283.8762,219.2062,74.5031,Windows
1000,58,214.465,285.4032,219.0784,80.9335,Windows
1000,59,221.4218,286.8373,221.5364,74.6244,Windows
1000,60,214.5733,286.5656,222.9943,75.0119,Windows
1000,61,215.2187,288.3046,221.7341,75.39,Windows
1000,62,213.2104,290.7299,220.8852,74.5775,Windows
1000,63,213.0541,295.2584,222.7328,76.0181,Windows
1000,64,211.799,283.857,222.9312,75.412,Windows
1000,65,211.0672,287.0934,223.2529,74.2997,Windows
1000,66,211.7377,287.9315,224.2697,74.1626,Windows
1000,67,215.4708,312.3538,236.2128,76.7776,Windows
1000,68,220.1324,314.3314,244.267,77.8613,Windows
1000,69,227.8115,304.5999,220.5968,76.7121,Windows
1000,70,213.6048,337.1715,217.0292,75.0684,Windows
1000,71,211.8089,309.4078,242.3312,74.7589,Windows
1000,72,214.2959,286.285,218.1953,74.6301,Windows
1000,73,211.797,285.7102,217.7785,75.4613,Windows
1000,74,213.8175,298.9491,230.6047,77.1487,Windows
1000,75,214.1975,282.4291,218.9522,73.9901,Windows
1000,76,214.5877,284.9365,220.4171,74.5959,Windows
1000,77,213.1781,299.2965,232.7422,74.8883,Windows
1000,78,212.8762,278.6476,217.2866,74.8752,Windows
1000,79,211.5014,280.4517,221.7011,74.8893,Windows
1000,80,214.6022,300.2825,234.3647,75.9552,Windows
1000,81,215.4278,287.2101,220.9591,74.7402,Windows
1000,82,213.3134,283.948,217.405,74.6628,Windows
1000,83,215.2512,297.6278,233.4648,73.5991,Windows
1000,84,210.1431,285.4256,216.7061,74.4158,Windows
1000,85,213.8448,280.7346,219.134,74.403,Windows
1000,86,213.9511,296.8837,229.3552,75.4665,Windows
1000,87,211.6802,299.5895,226.8209,76.6272,Windows
1000,88,212.7976,282.3163,217.3547,74.1703,Windows
1000,89,216.6062,297.0086,232.2221,74.7739,Windows
1000,90,212.8705,282.2421,217.6396,75.6459,Windows
1000,91,213.9974,281.0407,216.5118,75.0581,Windows
1000,92,212.0953,298.3569,232.5688,75.0538,Windows
1000,93,212.164,286.2003,218.325,74.4107,Windows
1000,94,212.1414,285.2774,220.0186,74.1304,Windows
1000,95,213.2917,297.5119,231.0835,74.2417,Windows
1000,96,213.1793,287.9808,222.4939,76.1559,Windows
1000,97,216.6091,283.0829,233.3435,79.8007,Windows
1000,98,225.9187,293.6866,233.6086,74.9432,Windows
1000,99,213.2439,283.5137,220.8253,74.7985,Windows
1000,100,214.5418,291.0435,224.805,75.523,Windows
100,1,41.462452,47.169486,37.748657,2.669461,Linux
100,2,37.165176,45.58523,40.14465,3.229939,Linux
100,3,37.564728,46.38255,40.271964,3.273102,Linux
100,4,36.79977,46.66805,39.584296,3.069603,Linux
100,5,37.513514,45.238738,39.631488,3.185901,Linux
100,6,37.026793,44.717067,39.999291,3.305561,Linux
100,7,37.606443,45.354774,39.663451,3.048555,Linux
100,8,38.666185,45.107456,41.192331,3.189944,Linux
100,9,37.52046,44.85202,40.646566,3.340124,Linux
100,10,37.108182,46.081769,39.801253,3.111276,Linux
100,11,39.175245,45.801013,41.899742,3.189342,Linux
100,12,37.551313,44.689752,39.652937,3.249078,Linux
100,13,36.981671,45.096197,39.535327,3.10564,Linux
100,14,37.364788,45.266287,39.924276,3.222,Linux
100,15,37.240388,45.461178,40.178292,3.41628,Linux
100,16,37.004394,45.209511,39.879173,3.104599,Linux
100,17,37.200885,45.547498,40.76241,3.167537,Linux
100,18,37.164164,44.649561,40.021425,3.343539,Linux
100,19,39.012615,45.354083,40.03635,3.192749,Linux
100,20,37.029742,46.849629,40.193934,3.08966,Linux
100,21,38.271653,45.383615,39.85477,3.346295,Linux
100,22,37.454143,46.509006,40.101234,3.163306,Linux
100,23,36.999593,45.660752,39.968312,3.217793,Linux
100,24,37.118163,45.034749,40.319826,3.173604,Linux
100,25,37.563168,44.887008,39.877993,2.996964,Linux
100,26,37.222633,45.535396,40.354618,3.246819,Linux
100,27,37.321605,44.667199,39.648003,3.15174,Linux
100,28,37.223635,44.898362,40.311064,3.150412,Linux
100,29,37.414498,45.535644,41.30026,3.373445,Linux
100,30,38.020359,44.936497,39.84536,3.152315,Linux
100,31,37.191398,45.01255,40.050025,3.02893,Linux
100,32,37.252134,45.21011,40.716361,3.311185,Linux
100,33,37.176214,46.627162,40.009422,3.134667,Linux
100,34,37.166617,44.820127,39.784843,3.046361,Linux
100,35,37.175947,45.231125,40.244704,3.147784,Linux
100,36,37.37126,44.670386,39.820653,3.123745,Linux
100,37,37.850499,45.276837,39.73778,3.011854,Linux
100,38,38.246163,46.26058,40.535789,3.053608,Linux
100,39,37.232635,45.049756,39.638356,3.124625,Linux
100,40,37.050577,44.832564,40.854677,3.247909,Linux
100,41,37.670823,45.901397,40.250922,3.282328,Linux
100,42,37.390935,44.777966,39.87809,3.382008,Linux
100,43,37.22063,45.689065,39.835957,3.232285,Linux
100,44,37.556859,46.306092,41.097543,3.316872,Linux
100,45,37.451989,45.953832,40.239876,3.365389,Linux
100,46,37.073939,44.988671,39.739068,3.088007,Linux
100,47,37.125024,45.252585,40.160352,3.161443,Linux
100,48,39.127424,44.756877,39.422695,3.21315,Linux
100,49,37.297048,45.341519,39.445436,2.987477,Linux
100,50,36.909702,45.633233,40.007238,3.113655,Linux
100,51,37.464648,46.391973,40.517131,3.266754,Linux
100,52,37.294119,45.018669,40.018954,3.006914,Linux
100,53,37.687501,45.336967,40.342454,3.068265,Linux
100,54,37.258049,46.078347,40.533909,3.222085,Linux
100,55,38.109996,46.144027,39.679467,3.14501,Linux
100,56,37.294669,45.035732,39.896674,3.565966,Linux
100,57,37.46668,45.674985,39.879106,3.365435,Linux
100,58,37.347906,45.354024,40.982183,3.249312,Linux
100,59,37.669172,45.967325,40.066408,3.238735,Linux
100,60,37.074028,45.175958,40.222921,3.379466,Linux
100,61,37.370229,45.224883,39.747375,3.099928,Linux
100,62,37.146015,46.476963,40.08622,3.231439,Linux
100,63,37.099239,45.986104,40.177284,3.453997,Linux
100,64,37.256873,45.35553,40.891642,3.252832,Linux
100,65,36.919501,45.285297,41.01306,3.261287,Linux
100,66,38.148566,45.307098,39.800134,3.240914,Linux
100,67,37.687676,44.717521,39.392104,2.92729,Linux
100,68,36.983616,44.901236,40.022421,3.032607,Linux
100,69,37.108699,44.79839,39.736905,3.517521,Linux
100,70,37.418788,45.481832,39.708549,2.963383,Linux
100,71,36.960462,44.817755,39.864493,3.016051,Linux
100,72,37.995998,44.74553,40.28775,3.064677,Linux
100,73,37.179915,45.137405,39.647159,3.001919,Linux
100,74,36.955075,44.885402,40.000003,2.980981,Linux
100,75,37.231291,44.624614,40.016802,3.240598,Linux
100,76,37.268427,45.400817,39.680039,2.914622,Linux
100,77,36.896075,44.932301,40.443834,3.048901,Linux
100,78,37.431513,44.545762,39.706396,3.155695,Linux
100,79,36.978721,45.062309,39.843488,2.964839,Linux
100,80,36.913627,45.292705,39.551305,3.135359,Linux
100,81,36.792339,44.553915,40.204235,3.147535,Linux
100,82,37.363224,46.10819,40.318719,3.078921,Linux
100,83,37.307457,45.659013,40.107758,3.08201,Linux
100,84,37.118067,44.518277,39.79769,3.459965,Linux
100,85,37.218168,44.711142,39.597216,3.002231,Linux
100,86,37.508013,45.422069,39.713959,3.024087,Linux
100,87,37.086103,45.124421,39.640176,3.196312,Linux
100,88,37.031074,44.500965,39.513227,3.001002,Linux
100,89,37.098268,44.686195,39.652491,3.039021,Linux
100,90,37.281399,44.588748,39.623206,3.14002,Linux
100,91,37.17043,45.087578,39.540074,3.190724,Linux
100,92,37.523384,45.025456,39.863105,3.01792,Linux
100,93,36.986911,44.590121,39.562133,3.154336,Linux
100,94,37.305984,45.923161,40.812659,3.132716,Linux
100,95,37.566384,45.407927,40.299471,3.087229,Linux
100,96,37.158719,44.505447,39.652673,3.139634,Linux
100,97,37.087474,44.71952,39.820405,2.942769,Linux
100,98,37.221074,44.937378,39.851506,3.049838,Linux
100,99,37.236071,44.65849,39.862291,3.121472,Linux
100,100,37.098155,45.103556,39.686355,2.934879,Linux
200,1,75.432578,91.619511,77.355365,6.571838,Linux
200,2,74.146755,89.989494,80.535865,5.39,Linux
200,3,74.582445,90.226538,80.46744,5.659032,Linux
200,4,75.447487,91.506436,79.888072,5.828224,Linux
200,5,74.612737,90.043095,79.492177,5.596033,Linux
200,6,74.5636,91.316806,80.342194,5.777645,Linux
200,7,74.471004,90.096575,79.728003,5.598952,Linux
200,8,74.650234,89.581956,79.372951,5.630661,Linux
200,9,74.165638,91.741963,81.735342,6.083042,Linux
200,10,76.436501,90.750873,80.071086,5.602,Linux
200,11,75.138941,89.812401,80.579788,5.732237,Linux
200,12,75.062872,90.215368,80.103179,5.764992,Linux
200,13,74.622531,89.907205,83.198628,5.604856,Linux
200,14,74.409878,91.269992,81.340557,5.644292,Linux
200,15,74.067107,91.425964,80.293935,6.113223,Linux
200,16,74.750521,90.773494,80.725919,6.006959,Linux
200,17,74.638409,89.843994,80.008806,5.950311,Linux
200,18,75.823193,96.479223,82.971615,5.910114,Linux
200,19,78.615522,93.567618,87.688754,6.836348,Linux
200,20,76.905535,92.454592,80.547943,6.064368,Linux
200,21,74.705172,90.283411,80.152559,5.743355,Linux
200,22,75.695168,94.160738,80.707347,5.736941,Linux
200,23,74.948534,90.243833,79.682949,5.694391,Linux
200,24,75.453337,91.697523,79.532699,6.117789,Linux
200,25,75.01264,89.653558,80.388203,5.610977,Linux
200,26,74.619088,89.843867,79.206688,5.561145,Linux
200,27,74.524737,90.108913,79.865979,5.751359,Linux
200,28,75.502204,90.742202,80.109062,5.804235,Linux
200,29,75.000482,90.11668,79.977312,6.114151,Linux
200,30,75.227917,91.014445,79.715427,5.627943,Linux
200,31,74.995646,90.608394,80.820304,5.638565,Linux
200,32,75.351574,90.768929,80.163247,5.850912,Linux
200,33,74.34682,92.068419,80.344219,6.00768,Linux
200,34,75.274204,90.254712,80.314006,5.57856,Linux
200,35,74.914701,89.681407,79.725015,5.620617,Linux
200,36,74.814606,90.951344,79.509818,5.658029,Linux
200,37,74.480128,89.771443,79.834962,5.56413,Linux
200,38,75.097238,89.992392,80.352311,6.18282,Linux
200,39,74.226538,90.336082,79.889036,5.730993,Linux
200,40,74.44192,90.083124,79.656544,5.581829,Linux
200,41,74.187939,90.728199,79.609956,5.695986,Linux
200,42,74.403086,90.900978,79.967672,5.663544,Linux
200,43,74.273815,89.836529,79.879381,5.590307,Linux
200,44,74.243551,90.556778,79.739695,5.742873,Linux
200,45,74.870815,89.930427,79.660735,5.603108,Linux
200,46,74.309655,90.832473,80.36552,5.622924,Linux
200,47,74.995412,90.199621,80.327575,5.702433,Linux
200,48,74.490172,90.659663,81.350466,6.008324,Linux
200,49,74.535379,89.757036,79.710473,5.59887,Linux
200,50,74.798886,90.194639,80.453839,6.000497,Linux
200,51,75.425791,91.693329,79.950413,5.683392,Linux
200,52,74.422619,90.167522,80.071228,5.754916,Linux
200,53,75.241389,89.94876,80.070386,5.84107,Linux
200,54,74.98921,90.03749,80.414977,5.964477,Linux
200,55,75.253357,90.334078,79.686743,5.860706,Linux
200,56,73.919042,90.112623,80.268505,5.673019,Linux
200,57,74.611005,90.144324,80.315154,5.711173,Linux
200,58,74.296245,90.04858,79.716056,5.673295,Linux
200,59,75.4483,90.252577,80.32413,5.778204,Linux
200,60,74.56056,90.453389,79.577203,6.029548,Linux
200,61,74.482974,90.277401,79.825013,5.733665,Linux
200,62,75.336674,90.301044,79.43463,5.617641,Linux
200,63,74.930097,90.133322,79.856322,5.669636,Linux
200,64,74.931867,90.372275,80.208163,5.944776,Linux
200,65,74.601838,89.843346,79.934085,5.613223,Linux
200,66,75.413435,92.93032,80.385324,5.709257,Linux
200,67,74.655928,90.516606,80.859045,5.793936,Linux
200,68,74.63319,89.69337,79.538782,5.810996,Linux
200,69,75.1266,90.558904,80.427829,5.859544,Linux
200,70,75.374763,89.963624,79.857488,5.785838,Linux
200,71,74.348747,89.567968,80.447868,5.727826,Linux
200,72,75.717437,90.364242,80.519561,6.049168,Linux
200,73,74.766281,91.421667,80.703701,5.707476,Linux
200,74,74.924192,89.86167,80.404658,5.84713,Linux
200,75,77.065895,93.624088,80.139889,5.874335,Linux
200,76,74.627974,89.494039,80.50148,5.62408,Linux
200,77,74.492888,89.918568,79.451319,5.557196,Linux
200,78,74.612327,90.449821,79.74714,5.71764,Linux
200,79,74.548562,90.190861,79.813626,5.943816,Linux
200,80,74.498373,90.188791,79.88875,5.634255,Linux
200,81,74.405415,89.736844,79.070177,5.849486,Linux
200,82,73.62795,89.188812,79.866809,5.741113,Linux
200,83,74.513171,90.124347,81.071273,5.826719,Linux
200,84,73.850495,90.141105,80.069579,5.707115,Linux
200,85,75.41421,89.50637,79.735529,5.664604,Linux
200,86,75.438151,89.6593,79.316863,5.666756,Linux
200,87,74.428687,89.853421,81.734045,5.906773,Linux
200,88,75.152659,89.679838,79.524683,5.887071,Linux
200,89,74.477668,89.437287,79.265687,5.656212,Linux
200,90,74.895348,89.948949,80.417904,5.733442,Linux
200,91,75.637179,90.057338,81.132309,5.632492,Linux
200,92,75.203097,89.619285,79.700053,5.673314,Linux
200,93,74.591026,90.025747,79.782487,5.615087,Linux
200,94,74.375031,89.816988,79.742616,5.594156,Linux
200,95,74.503603,89.797444,79.732668,5.549571,Linux
200,96,74.335353,90.728638,80.160138,5.932595,Linux
200,97,74.33127,90.137232,79.839887,5.618853,Linux
200,98,74.629432,91.909093,79.934582,5.898885,Linux
200,99,74.444149,90.511793,80.006913,5.779858,Linux
200,100,74.445224,89.76113,79.623315,5.687725,Linux
300,1,114.121644,318.177578,124.299294,8.13793,Linux
300,2,112.845198,137.581022,115.752429,8.256035,Linux
300,3,112.286853,131.854355,119.482238,8.333488,Linux
300,4,112.289975,130.446957,118.2005,8.685422,Linux
300,5,113.58982,131.264451,117.808054,8.68416,Linux
300,6,117.297968,135.777701,120.537514,8.594246,Linux
300,7,120.597757,134.829484,114.535148,8.115604,Linux
300,8,113.015983,128.608137,115.945509,8.240771,Linux
300,9,113.147948,129.938341,114.700501,8.323375,Linux
300,10,111.648812,128.421079,117.362095,8.125127,Linux
300,11,116.721132,128.235973,114.327257,8.156709,Linux
300,12,113.055692,130.410811,120.510662,8.441554,Linux
300,13,111.910918,129.209866,115.450122,8.658625,Linux
300,14,113.114346,129.333622,114.923766,8.570304,Linux
300,15,112.391282,128.378689,115.444741,8.26007,Linux
300,16,111.638091,127.833312,114.493575,8.19189,Linux
300,17,113.883707,128.523168,115.167012,8.23895,Linux
300,18,111.903965,129.664855,114.274876,8.98949,Linux
300,19,111.132547,135.865188,118.423587,8.215017,Linux
300,20,112.422289,128.079503,115.638862,8.307726,Linux
300,21,113.159891,129.297815,114.768207,8.315611,Linux
300,22,113.513691,128.496987,115.366177,8.505965,Linux
300,23,112.160406,127.738575,113.700845,8.242925,Linux
300,24,112.378859,128.655954,115.151379,8.377744,Linux
300,25,112.44582,128.008267,114.624639,8.251292,Linux
300,26,117.184487,132.926153,116.879957,8.718663,Linux
300,27,112.058598,129.165382,115.300172,8.295735,Linux
300,28,111.826724,127.408433,115.97865,8.60715,Linux
300,29,112.632705,128.281042,115.814691,8.185732,Linux
300,30,112.867765,127.143251,114.900897,8.842492,Linux
300,31,113.074886,128.422468,114.556956,8.177206,Linux
300,32,111.444297,128.470892,114.634914,8.239184,Linux
300,33,112.662676,127.936866,113.973972,8.197908,Linux
300,34,111.728226,128.285408,113.893722,7.998054,Linux
300,35,112.698873,128.21918,114.331518,8.270827,Linux
300,36,112.704976,128.409108,114.026917,8.292723,Linux
300,37,111.735727,127.577194,114.287448,8.141627,Linux
300,38,111.531059,128.341088,114.158093,8.235182,Linux
300,39,111.204002,129.083764,115.038076,8.617894,Linux
300,40,111.367846,129.071648,114.568319,8.054276,Linux
300,41,111.150825,128.264103,114.072272,8.101936,Linux
300,42,111.230951,128.084408,114.196497,8.557681,Linux
300,43,111.439363,128.489782,114.64128,8.173347,Linux
300,44,111.852238,128.576801,114.877909,8.215894,Linux
300,45,111.672312,130.94693,116.074718,8.316509,Linux
300,46,112.577119,127.91568,114.535145,8.191127,Linux
300,47,111.63929,128.015798,114.555948,8.611776,Linux
300,48,114.639904,127.699143,114.315896,8.422005,Linux
300,49,111.494313,127.617748,114.324986,8.081931,Linux
300,50,111.712498,128.17278,114.076803,8.364451,Linux
300,51,111.442034,127.723124,114.523599,8.194329,Linux
300,52,111.943675,128.251825,114.935326,8.20951,Linux
300,53,113.42748,127.453369,114.117375,8.153306,Linux
300,54,111.349102,128.346705,114.023343,8.449321,Linux
300,55,111.733921,127.637275,114.681542,8.17501,Linux
300,56,112.145386,129.328654,114.30298,8.780778,Linux
300,57,112.19218,128.286283,113.941473,8.245402,Linux
300,58,111.626496,128.569166,114.259864,8.049367,Linux
300,59,113.232443,128.3195,114.652789,8.43904,Linux
300,60,112.225386,128.560301,115.321541,8.747348,Linux
300,61,112.207535,128.700756,114.437703,8.004366,Linux
300,62,111.374546,127.702228,114.264145,8.129889,Linux
300,63,111.676354,128.318722,114.181874,8.317689,Linux
300,64,111.323241,127.685284,114.23315,8.152258,Linux
300,65,112.340311,127.382748,113.535578,8.474874,Linux
300,66,111.013082,128.352123,114.100371,8.435167,Linux
300,67,111.736169,132.094262,118.518382,8.284394,Linux
300,68,116.341122,136.215792,119.572099,8.507306,Linux
300,69,117.59764,133.507253,114.919801,8.315245,Linux
300,70,113.453541,127.977828,114.767426,8.209149,Linux
300,71,111.444981,128.582763,115.308144,8.503138,Linux
300,72,111.604365,128.326669,114.598913,8.569563,Linux
300,73,111.840327,128.799709,114.649723,8.146017,Linux
300,74,113.3144,128.665246,114.608094,8.488347,Linux
300,75,113.264654,128.810022,114.508344,8.383265,Linux
300,76,113.035069,130.0456,115.457103,8.462346,Linux
300,77,112.604168,129.28346,115.159697,8.217141,Linux
300,78,111.959945,129.157137,116.131034,8.565026,Linux
300,79,114.778045,128.358281,115.620677,8.234747,Linux
300,80,111.157837,127.575716,114.564461,8.175602,Linux
300,81,111.73112,128.377829,115.577895,8.331566,Linux
300,82,112.223797,127.986157,115.088697,8.175691,Linux
300,83,112.502693,128.464505,114.926998,8.661817,Linux
300,84,111.804118,128.021476,113.95089,8.269177,Linux
300,85,112.126278,127.637113,113.79628,8.215826,Linux
300,86,111.988431,127.934647,114.523498,8.336055,Linux
300,87,112.403935,129.567753,114.013009,8.218637,Linux
300,88,111.838554,127.507145,114.374603,8.19742,Linux
300,89,111.565481,127.873218,113.580733,8.103195,Linux
300,90,111.721257,129.219007,114.364891,8.453213,Linux
300,91,111.998524,128.985732,113.997335,8.136409,Linux
300,92,110.986144,127.74304,114.311752,8.297798,Linux
300,93,111.365083,127.829563,114.643527,8.652336,Linux
300,94,111.369168,129.413728,115.1113,8.270064,Linux
300,95,111.404024,128.353451,114.646516,8.200295,Linux
300,96,111.251485,129.023429,114.84129,8.415398,Linux
300,97,113.436499,132.004549,114.692421,8.180623,Linux
300,98,111.177233,128.499346,114.575965,8.439454,Linux
300,99,111.924521,127.760608,114.989473,8.321706,Linux
300,100,112.227403,128.664548,114.548885,8.084376,Linux
400,1,149.841659,363.614819,161.037349,11.510008,Linux
400,2,149.953649,185.436149,154.03432,10.818309,Linux
400,3,149.297364,173.836034,157.615481,11.088726,Linux
400,4,151.316148,173.640349,153.87665,10.801887,Linux
400,5,149.330697,172.518676,153.583231,11.709391,Linux
400,6,150.301213,171.359617,153.698776,11.924477,Linux
400,7,147.893901,171.376372,152.685691,10.907397,Linux
400,8,149.862685,171.747134,153.908985,11.126507,Linux
400,9,150.434023,171.146576,153.812613,10.836823,Linux
400,10,151.252256,170.972385,153.083938,12.662431,Linux
400,11,150.047351,172.541149,153.997585,11.192549,Linux
400,12,149.846828,172.562023,153.780132,10.746088,Linux
400,13,150.748764,170.875728,152.833863,10.735576,Linux
400,14,150.40808,173.472579,153.379291,10.862558,Linux
400,15,149.531049,171.557436,152.592516,11.187967,Linux
400,16,148.627692,173.042843,152.096793,10.683523,Linux
400,17,148.689885,174.435426,153.168865,11.455389,Linux
400,18,153.739225,170.849676,153.919693,11.094196,Linux
400,19,149.380257,170.525255,155.118126,11.378149,Linux
400,20,149.373017,172.974013,153.621752,11.263497,Linux
400,21,149.510153,177.412785,161.560241,11.497578,Linux
400,22,156.02329,177.859633,153.454335,10.863082,Linux
400,23,148.504073,172.847732,155.214015,10.916999,Linux
400,24,148.604542,170.124237,151.319677,10.554479,Linux
400,25,147.386578,172.434092,153.947061,11.168312,Linux
400,26,148.884577,171.437202,154.290136,11.47256,Linux
400,27,148.615604,171.31234,152.409648,11.920293,Linux
400,28,148.375727,170.596391,152.344175,10.577117,Linux
400,29,151.224685,172.574559,153.707801,11.152807,Linux
400,30,150.266349,176.036514,152.899136,11.1192,Linux
400,31,148.028357,172.485532,152.213757,10.782255,Linux
400,32,148.932532,171.547215,153.669814,11.301434,Linux
400,33,149.609622,171.855902,153.363143,11.244871,Linux
400,34,148.264949,171.041975,152.734786,11.053688,Linux
400,35,147.605633,176.474242,152.744678,11.152358,Linux
400,36,153.969606,171.323155,153.348162,11.438029,Linux
400,37,149.387248,171.309307,154.271525,11.063093,Linux
400,38,148.287796,171.631416,153.039492,10.769265,Linux
400,39,149.838612,172.610746,152.804485,10.742289,Linux
400,40,148.560569,169.963728,152.6308,11.01499,Linux
400,41,149.746804,171.384632,152.382738,10.706638,Linux
400,42,149.273118,171.834488,154.341143,11.300133,Linux
400,43,149.872898,170.692149,152.800623,11.137153,Linux
400,44,149.077265,172.714061,155.823092,11.344625,Linux
400,45,148.135043,171.633981,153.521679,11.261789,Linux
400,46,150.590807,171.403681,155.151309,11.354605,Linux
400,47,149.068272,171.80709,155.093968,10.858728,Linux
400,48,148.458369,171.374255,152.786278,10.923001,Linux
400,49,149.831392,171.2126,152.897648,11.124894,Linux
400,50,148.47672,172.853063,153.47384,11.453416,Linux
400,51,149.664467,171.300863,152.408128,10.758521,Linux
400,52,149.217028,170.83874,152.205317,10.572765,Linux
400,53,148.733362,172.128012,154.589928,11.080341,Linux
400,54,150.136713,171.218507,152.686827,10.903266,Linux
400,55,148.051215,172.191965,153.294644,11.176254,Linux
400,56,149.968569,172.096856,153.228877,10.922337,Linux
400,57,148.947959,171.552242,152.796508,10.701965,Linux
400,58,148.922754,171.450368,153.560279,10.655857,Linux
400,59,149.530027,171.839387,152.980585,10.757014,Linux
400,60,149.529105,171.767686,153.969367,10.970911,Linux
400,61,149.960493,172.265835,154.490012,10.69073,Linux
400,62,150.129753,172.160722,153.71187,10.743669,Linux
400,63,149.387034,173.561977,153.045309,10.803036,Linux
400,64,149.432212,173.260681,153.583747,10.617732,Linux
400,65,150.327111,172.452974,154.109926,11.283445,Linux
400,66,148.971491,171.629689,153.093326,10.642309,Linux
400,67,148.563013,171.679867,160.124234,11.018645,Linux
400,68,174.525127,185.460677,155.206878,10.95357,Linux
400,69,149.614153,171.666287,153.216145,10.759742,Linux
400,70,149.752018,173.897885,153.48944,11.0727,Linux
400,71,150.335373,174.010272,156.688182,11.542721,Linux
400,72,150.034076,170.970651,154.267999,10.902431,Linux
400,73,148.990604,170.703011,152.479936,10.610139,Linux
400,74,149.457088,174.15107,153.222883,11.287005,Linux
400,75,149.633964,172.379418,154.426159,11.127984,Linux
400,76,148.626989,171.620824,153.690907,10.990635,Linux
400,77,150.795282,173.062475,154.103974,11.195824,Linux
400,78,149.048615,174.949243,154.902625,11.174287,Linux
400,79,149.039105,172.497269,153.974991,11.060437,Linux
400,80,148.107238,171.949474,153.808637,11.131985,Linux
400,81,153.389719,170.90205,152.587856,11.141306,Linux
400,82,150.874792,170.503101,153.315544,11.032852,Linux
400,83,147.990651,173.389643,155.250799,11.698241,Linux
400,84,149.061125,172.104492,151.870538,11.253761,Linux
400,85,149.063308,171.122501,153.8062,10.639646,Linux
400,86,149.398577,173.689173,153.479995,11.482909,Linux
400,87,151.40723,173.808656,154.356022,11.204156,Linux
400,88,150.36651,172.583434,155.089145,10.916343,Linux
400,89,150.195613,173.998942,154.528915,10.856318,Linux
400,90,148.926192,173.078565,154.007449,11.384731,Linux
400,91,149.461256,171.788158,154.1717,11.20549,Linux
400,92,149.991797,174.002822,153.771179,10.933323,Linux
400,93,148.700296,172.308192,153.931098,11.320829,Linux
400,94,150.737834,173.637421,154.397734,11.007044,Linux
400,95,150.54359,172.657735,154.122779,10.929186,Linux
400,96,148.761497,171.862488,154.225866,11.19839,Linux
400,97,148.76645,170.117863,153.237012,11.060847,Linux
400,98,148.487755,172.215258,154.518687,10.946632,Linux
400,99,148.721778,170.712745,153.277781,11.184676,Linux
400,100,148.461677,170.935731,154.074404,11.22004,Linux
500,1,191.423348,418.164858,198.568108,13.369684,Linux
500,2,186.875718,220.932547,192.726689,13.799877,Linux
500,3,187.734708,212.88364,201.33511,13.121803,Linux
500,4,188.466521,223.340055,192.963346,13.181675,Linux
500,5,186.936993,216.995446,191.748724,13.927379,Linux
500,6,188.053275,215.594328,192.899391,13.276523,Linux
500,7,186.309981,216.100616,192.542016,13.36364,Linux
500,8,186.162075,215.248207,192.930337,13.879585,Linux
500,9,186.829595,216.58234,192.247097,13.42866,Linux
500,10,186.747635,219.622667,197.909822,13.924851,Linux
500,11,199.320533,223.974558,196.024092,13.429883,Linux
500,12,187.000434,216.08311,193.006745,13.629353,Linux
500,13,188.382014,217.226131,191.993718,13.312635,Linux
500,14,186.915751,215.201167,192.060704,13.238613,Linux
500,15,187.548705,214.718114,192.584626,13.540068,Linux
500,16,185.117768,216.882975,195.967672,13.458236,Linux
500,17,187.360517,217.188361,192.239932,13.688292,Linux
500,18,185.322279,215.456658,193.073478,13.358396,Linux
500,19,186.151716,215.930755,191.193671,13.101225,Linux
500,20,184.94223,215.689293,194.345279,13.291077,Linux
500,21,185.914995,215.182239,192.886723,13.273487,Linux
500,22,186.385145,214.420595,193.176365,13.701102,Linux
500,23,188.147081,214.945442,194.479374,13.357237,Linux
500,24,185.698578,215.825862,191.870668,13.432314,Linux
500,25,186.610454,214.630745,191.454058,13.290557,Linux
500,26,188.72136,214.630286,191.526375,13.305427,Linux
500,27,187.604655,214.59808,191.030952,13.262452,Linux
500,28,186.649452,215.922123,191.897594,13.349329,Linux
500,29,186.078844,215.75162,192.37803,13.268656,Linux
500,30,186.617147,214.135722,192.594293,13.398371,Linux
500,31,186.892527,214.358794,193.90532,13.313488,Linux
500,32,186.137233,217.845785,194.150359,13.722239,Linux
500,33,188.943036,214.445112,192.527527,13.293764,Linux
500,34,185.550442,216.795661,193.938405,13.592019,Linux
500,35,188.43039,216.783523,192.530377,13.458266,Linux
500,36,186.73739,215.227944,192.328465,13.642254,Linux
500,37,187.624624,216.66285,193.926941,13.850402,Linux
500,38,186.790802,216.263197,193.093769,13.828463,Linux
500,39,186.898541,217.896754,193.027585,13.470343,Linux
500,40,186.1,215.394902,192.038218,13.126009,Linux
500,41,190.846071,216.507147,191.828123,13.58696,Linux
500,42,188.305681,217.548055,197.897589,14.018715,Linux
500,43,189.334839,218.561469,190.609515,13.676927,Linux
500,44,186.381218,215.690916,195.258301,14.03565,Linux
500,45,187.100699,215.478487,192.386924,13.481314,Linux
500,46,186.690702,216.463933,193.554962,13.686209,Linux
500,47,188.406561,216.755284,203.464014,13.902047,Linux
500,48,196.213697,219.75347,195.778448,13.62903,Linux
500,49,188.133484,220.094939,196.751478,13.362099,Linux
500,50,186.456209,216.674359,193.998466,13.704761,Linux
500,51,186.632159,215.817915,193.464295,13.751606,Linux
500,52,187.944168,216.520773,194.048371,13.851553,Linux
500,53,188.558976,216.113577,191.665299,13.288268,Linux
500,54,186.854686,215.475324,193.756294,13.494026,Linux
500,55,187.79684,216.442984,195.137919,13.225403,Linux
500,56,186.762588,215.6477,194.439251,13.953435,Linux
500,57,186.563649,215.540047,192.795677,13.255792,Linux
500,58,187.264877,215.880187,192.416831,13.134408,Linux
500,59,185.782091,214.624696,192.670856,13.54675,Linux
500,60,186.518895,215.751699,192.776834,13.378772,Linux
500,61,187.784133,214.51749,192.478793,13.86252,Linux
500,62,187.229933,217.671099,193.172839,13.570733,Linux
500,63,187.360488,216.154437,192.276071,13.302033,Linux
500,64,185.465043,214.750128,193.038181,14.029215,Linux
500,65,187.938382,216.163688,193.297524,13.568677,Linux
500,66,186.528255,213.648549,193.88262,13.818224,Linux
500,67,184.899174,217.007393,190.892642,13.552106,Linux
500,68,184.746008,217.117599,195.600654,13.860295,Linux
500,69,188.884494,215.666379,194.097654,13.713456,Linux
500,70,189.14425,218.248883,193.355345,13.828022,Linux
500,71,185.597352,214.765339,194.211971,14.047295,Linux
500,72,186.389129,218.104151,190.893631,13.281617,Linux
500,73,185.001682,217.889913,194.772481,13.815482,Linux
500,74,185.304239,215.166231,193.441954,14.021439,Linux
500,75,188.159272,218.537835,192.858189,13.85772,Linux
500,76,187.250837,214.977976,193.223564,13.456427,Linux
500,77,186.234831,218.973354,193.310823,13.644486,Linux
500,78,186.975186,220.419804,193.588242,13.788944,Linux
500,79,186.198503,215.981572,195.203987,13.616726,Linux
500,80,187.782617,216.819297,193.235853,13.988796,Linux
500,81,186.831512,214.824283,191.683506,13.955533,Linux
500,82,186.274935,217.46115,194.365938,13.678149,Linux
500,83,185.780951,217.453237,193.406391,13.702807,Linux
500,84,186.142097,216.050542,203.609533,18.548425,Linux
500,85,201.020199,218.566544,193.587533,13.437995,Linux
500,86,188.503791,216.442842,192.360887,13.233406,Linux
500,87,185.608442,216.420218,193.484147,13.370843,Linux
500,88,188.078969,216.081025,195.068106,13.738668,Linux
500,89,187.011298,216.918447,192.140887,13.281602,Linux
500,90,187.491621,216.391617,192.949303,13.888909,Linux
500,91,185.61916,215.702563,193.857554,13.323282,Linux
500,92,186.899505,215.321269,198.790189,13.912993,Linux
500,93,188.850639,216.288614,193.661155,13.784903,Linux
500,94,185.54772,215.463555,192.125486,14.242442,Linux
500,95,186.91919,228.645548,204.13861,15.279018,Linux
500,96,200.893138,238.905445,202.159174,14.117693,Linux
500,97,198.35223,225.639668,203.406226,13.979683,Linux
500,98,196.726065,226.54256,203.201956,13.871022,Linux
500,99,201.08677,228.367036,204.263184,14.476463,Linux
500,100,197.446566,227.822609,205.181284,14.662713,Linux
600,1,242.699895,470.808213,256.632463,16.04682,Linux
600,2,225.896227,296.247821,234.509211,16.069349,Linux
600,3,226.752332,282.052175,237.027566,16.430457,Linux
600,4,226.389153,288.644754,265.852593,26.510339,Linux
600,5,238.095085,283.179355,257.761178,16.746791,Linux
600,6,234.322821,266.802837,235.011499,16.137542,Linux
600,7,226.310337,267.321712,235.52465,15.943647,Linux
600,8,224.653781,260.621842,232.771935,16.128233,Linux
600,9,231.369921,262.523615,231.292424,16.066065,Linux
600,10,222.519828,264.794157,236.038322,16.60166,Linux
600,11,228.565245,264.632094,234.630611,16.03188,Linux
600,12,225.665087,260.571897,231.161808,15.971999,Linux
600,13,227.318651,263.794918,232.032453,16.1071,Linux
600,14,235.768826,272.250396,240.34927,16.430001,Linux
600,15,232.668939,271.751703,248.467506,16.818248,Linux
600,16,231.253399,263.752932,238.501369,16.833806,Linux
600,17,230.992328,274.719265,236.997669,16.155869,Linux
600,18,225.968501,262.83018,234.334123,16.564981,Linux
600,19,224.838981,262.592835,233.81577,16.127298,Linux
600,20,226.04999,267.831929,237.124602,16.110642,Linux
600,21,237.560716,266.681365,241.612635,16.308033,Linux
600,22,237.304666,276.935647,238.525978,16.207055,Linux
600,23,229.064882,265.865422,234.803789,17.227927,Linux
600,24,225.903483,264.312906,231.847148,16.075112,Linux
600,25,230.202852,262.377749,236.491051,16.467032,Linux
600,26,225.926118,270.752441,261.137421,16.547543,Linux
600,27,228.290686,268.213462,236.431373,16.228423,Linux
600,28,225.964304,261.716183,232.586376,16.360467,Linux
600,29,224.730072,259.587924,228.881625,16.357484,Linux
600,30,227.978222,260.1493,230.063767,15.99503,Linux
600,31,225.515257,260.43734,230.635084,15.957029,Linux
600,32,224.074684,259.640278,232.581635,15.914379,Linux
600,33,225.242044,259.114226,232.863023,15.902784,Linux
600,34,225.87293,262.870764,235.666895,16.312461,Linux
600,35,226.858105,261.363771,233.662019,15.945269,Linux
600,36,227.015651,264.018988,235.106525,18.970646,Linux
600,37,226.829794,265.461034,233.047609,16.065983,Linux
600,38,226.123862,262.805016,232.807414,15.945022,Linux
600,39,226.952011,260.005106,230.297723,16.088807,Linux
600,40,227.845976,263.190883,235.169469,16.315915,Linux
600,41,229.498393,266.59954,236.496945,16.527417,Linux
600,42,224.61193,259.087393,235.285319,16.188613,Linux
600,43,226.492217,267.421605,234.095334,16.07818,Linux
600,44,227.051037,260.211848,234.561398,16.813808,Linux
600,45,229.61669,267.654209,231.646506,15.948215,Linux
600,46,223.975037,259.950279,232.535409,16.348931,Linux
600,47,228.26139,289.960185,233.634878,15.961718,Linux
600,48,225.307177,258.399996,233.320901,16.396157,Linux
600,49,225.54958,262.942177,232.885475,16.266718,Linux
600,50,226.354949,260.291126,232.077444,16.120928,Linux
600,51,223.409299,259.743366,232.296556,15.601439,Linux
600,52,224.807713,260.358846,231.761761,16.466727,Linux
600,53,226.593752,261.912686,234.339095,16.491235,Linux
600,54,227.148433,262.880346,231.978421,15.847352,Linux
600,55,229.735543,271.844513,243.551097,16.644068,Linux
600,56,240.006497,273.488089,239.186851,16.198374,Linux
600,57,234.128697,270.072971,240.984587,16.045049,Linux
600,58,231.787702,272.946902,235.968515,16.211817,Linux
600,59,242.108412,267.316109,239.525227,16.159933,Linux
600,60,230.602889,267.868921,243.893466,16.740963,Linux
600,61,233.629237,268.932933,240.642869,16.76505,Linux
600,62,231.317883,267.407781,242.468688,17.416935,Linux
600,63,231.832703,272.844011,238.444623,16.256862,Linux
600,64,228.262547,266.049563,239.300763,16.729408,Linux
600,65,246.697262,260.550361,231.531354,16.198585,Linux
600,66,224.789097,263.08605,233.158339,16.239966,Linux
600,67,228.7041,271.21163,232.803624,16.549011,Linux
600,68,227.681063,263.616526,235.738014,16.25821,Linux
600,69,226.288763,264.215706,238.473959,16.852603,Linux
600,70,232.157716,262.520593,235.918765,16.497264,Linux
600,71,229.294533,263.822743,233.98358,16.238181,Linux
600,72,233.48931,268.916001,239.481262,16.351673,Linux
600,73,229.524592,267.548131,239.206561,16.600089,Linux
600,74,238.636589,273.40982,242.550412,16.967264,Linux
600,75,233.117212,271.052782,243.128079,17.039555,Linux
600,76,238.515926,271.698585,245.669507,16.652859,Linux
600,77,237.452881,286.7248,241.344597,16.384081,Linux
600,78,223.025837,261.653396,232.934426,16.149937,Linux
600,79,223.132803,258.73215,229.049574,15.944001,Linux
600,80,227.177832,264.989933,230.787192,16.165952,Linux
600,81,222.53099,261.28475,231.058512,16.211359,Linux
600,82,223.9242,270.625652,243.012625,16.807181,Linux
600,83,228.668694,264.972443,237.491698,16.317149,Linux
600,84,223.626386,258.811881,256.409103,17.710206,Linux
600,85,236.926538,267.019178,238.197844,18.68412,Linux
600,86,234.305247,262.111312,237.639952,16.594188,Linux
600,87,225.791337,263.66469,233.713151,16.939931,Linux
600,88,236.948251,284.504055,252.248012,17.962126,Linux
600,89,241.87337,277.348415,249.980844,17.435691,Linux
600,90,240.058988,260.405822,232.300053,16.078996,Linux
600,91,223.831497,262.723017,237.211538,16.098455,Linux
600,92,227.956316,279.469009,248.679036,18.910389,Linux
600,93,240.365135,298.463894,244.557087,16.752101,Linux
600,94,228.72163,267.97019,236.91228,16.175767,Linux
600,95,225.274022,270.691858,317.107504,16.604264,Linux
600,96,235.747459,265.74703,235.311276,15.896552,Linux
600,97,226.162045,261.9251,240.19461,16.757192,Linux
600,98,225.964366,260.262655,233.306651,16.617945,Linux
600,99,225.776227,260.776956,232.387576,16.594868,Linux
600,100,225.568923,259.506093,235.695639,16.248694,Linux
700,1,262.566095,496.896496,281.225769,18.342653,Linux
700,2,261.328167,317.429379,274.285799,19.061576,Linux
700,3,263.18802,302.8492,274.128888,18.703345,Linux
700,4,261.296519,301.819042,270.427969,18.566526,Linux
700,5,261.443191,304.71561,274.135082,19.012836,Linux
700,6,268.403271,318.470985,277.928846,18.199532,Linux
700,7,261.82747,305.750624,268.752345,18.405119,Linux
700,8,259.894947,305.989145,274.267692,19.102556,Linux
700,9,261.521522,300.962806,268.572256,18.565641,Linux
700,10,259.473133,303.93546,271.089078,18.368772,Linux
700,11,261.429216,301.992847,270.265715,18.288118,Linux
700,12,260.052695,303.390163,270.650106,19.032661,Linux
700,13,260.934212,302.668047,270.192822,20.058861,Linux
700,14,263.674786,303.107901,270.074887,18.318887,Linux
700,15,260.467906,302.001519,270.08751,18.840238,Linux
700,16,260.33318,302.821604,271.551534,18.869166,Linux
700,17,265.082469,305.739027,271.150723,18.946773,Linux
700,18,263.387118,306.678683,271.857185,18.880475,Linux
700,19,259.541979,301.446099,272.583432,18.564091,Linux
700,20,258.991898,301.84349,268.202987,19.188855,Linux
700,21,258.686065,309.907321,270.726208,18.459334,Linux
700,22,259.972218,302.371658,275.755845,18.634937,Linux
700,23,267.214874,306.417872,276.999624,18.81209,Linux
700,24,261.400779,303.993057,270.435556,18.891935,Linux
700,25,264.173388,302.130503,270.416432,18.427964,Linux
700,26,262.722646,303.220441,271.454136,18.701511,Linux
700,27,264.318267,304.199949,270.090118,18.304326,Linux
700,28,258.151705,303.764321,269.639934,18.445807,Linux
700,29,259.65497,304.213091,280.525386,18.528419,Linux
700,30,272.589186,300.909283,267.616352,18.493234,Linux
700,31,265.802142,303.511303,270.253033,18.566187,Linux
700,32,265.120601,323.592275,279.154971,18.133753,Linux
700,33,264.277421,300.912039,270.605564,18.559949,Linux
700,34,264.065448,303.682858,285.907358,18.397003,Linux
700,35,261.859433,309.389356,279.727999,18.520955,Linux
700,36,269.476591,350.963565,483.231155,18.50821,Linux
700,37,276.114741,320.812593,274.821133,18.958142,Linux
700,38,264.060626,308.509934,273.949594,18.852046,Linux
700,39,259.885464,305.900338,272.389008,18.603964,Linux
700,40,263.445973,304.549725,271.300996,18.344867,Linux
700,41,261.596266,309.177058,277.739131,19.216846,Linux
700,42,271.1949,319.720164,270.988113,18.742013,Linux
700,43,262.897971,303.90648,270.532915,19.09097,Linux
700,44,265.327474,303.116775,270.186661,17.899553,Linux
700,45,260.985207,306.611188,280.154148,19.246831,Linux
700,46,270.169678,314.051591,282.020868,19.075081,Linux
700,47,273.388956,317.850485,281.719903,19.004487,Linux
700,48,273.020397,317.451388,276.982114,18.037105,Linux
700,49,261.982064,308.645566,274.045198,18.589582,Linux
700,50,261.429977,307.675937,280.361202,20.175879,Linux
700,51,270.882778,313.083369,278.381452,19.164521,Linux
700,52,270.101784,311.885323,277.512095,19.178039,Linux
700,53,269.083843,314.46392,280.743403,19.157506,Linux
700,54,271.877361,315.981149,282.232814,20.09977,Linux
700,55,273.110909,317.873303,285.000162,19.193541,Linux
700,56,275.660536,316.227967,282.504916,19.134467,Linux
700,57,272.689218,317.177039,284.972931,19.885554,Linux
700,58,279.061847,327.796898,286.203186,20.089099,Linux
700,59,276.051884,313.290734,280.971094,18.694955,Linux
700,60,271.348317,310.897708,278.674331,19.635102,Linux
700,61,270.602443,318.903782,284.688975,19.778637,Linux
700,62,278.273193,318.541785,284.295677,19.80128,Linux
700,63,276.332517,319.845746,280.890419,19.584482,Linux
700,64,276.21144,317.241964,282.475275,19.584712,Linux
700,65,273.161167,314.976467,286.177267,18.966305,Linux
700,66,274.27177,313.604158,280.479698,19.354344,Linux
700,67,271.254008,314.931075,281.691448,19.964963,Linux
700,68,274.279867,317.153693,282.322242,19.68048,Linux
700,69,272.931382,317.212013,286.164122,19.656397,Linux
700,70,273.82789,316.361111,282.756116,19.966873,Linux
700,71,274.445023,320.848376,286.133452,20.683221,Linux
700,72,275.878353,318.537725,285.265643,19.765201,Linux
700,73,274.691139,321.456832,280.990068,19.744934,Linux
700,74,274.880938,310.468711,279.643793,19.932556,Linux
700,75,272.498814,319.351988,287.906761,19.290801,Linux
700,76,279.639931,312.249527,284.403279,19.231402,Linux
700,77,273.393062,316.593171,285.144674,19.020854,Linux
700,78,264.459833,307.512336,272.876181,18.885782,Linux
700,79,264.951875,305.95895,271.979993,18.914714,Linux
700,80,263.786098,307.080684,274.323275,18.200621,Linux
700,81,265.653964,311.353542,275.276269,19.559531,Linux
700,82,273.354352,319.342614,283.242818,19.459496,Linux
700,83,279.641585,335.573489,298.584721,19.783519,Linux
700,84,273.846376,314.502131,274.617725,18.643658,Linux
700,85,266.582365,309.335945,274.444259,18.61518,Linux
700,86,264.245281,305.726053,273.242305,18.431137,Linux
700,87,263.09355,316.875923,283.841893,19.395783,Linux
700,88,277.666146,318.965081,286.009256,19.714168,Linux
700,89,275.328015,311.650382,279.127904,18.968179,Linux
700,90,271.827597,316.343826,278.401723,19.013399,Linux
700,91,268.568451,307.879157,277.269617,19.007633,Linux
700,92,267.047331,305.625129,277.930815,19.055254,Linux
700,93,272.243365,304.112217,279.561232,19.04839,Linux
700,94,264.380167,305.942269,273.455381,19.406685,Linux
700,95,263.012382,308.107449,273.286086,18.684918,Linux
700,96,260.883376,307.308248,276.931683,18.970113,Linux
700,97,270.498895,305.429388,274.176443,18.926659,Linux
700,98,262.714914,304.349741,271.99965,18.319328,Linux
700,99,261.673318,303.103903,274.440604,18.739538,Linux
700,100,262.439187,313.236351,281.22759,19.611045,Linux
800,1,314.382709,558.1403,329.082422,22.008053,Linux
800,2,314.820349,370.091186,323.520094,22.578843,Linux
800,3,315.40115,372.918939,328.724068,22.439224,Linux
800,4,314.556027,365.996933,327.323325,22.106913,Linux
800,5,317.961643,366.538934,326.539866,21.924827,Linux
800,6,317.202387,365.479814,326.783203,22.819161,Linux
800,7,315.49223,364.763074,323.759392,22.070352,Linux
800,8,318.930308,373.510105,325.413574,22.333112,Linux
800,9,314.020501,356.483802,316.453628,21.618585,Linux
800,10,301.145112,352.226661,307.444644,21.055852,Linux
800,11,302.541627,349.859384,312.11943,21.150063,Linux
800,12,302.163198,354.139683,314.43016,21.709934,Linux
800,13,302.346396,352.247891,312.534956,21.648412,Linux
800,14,298.89894,350.933114,320.341966,22.535497,Linux
800,15,297.977767,350.294026,318.876286,22.854084,Linux
800,16,313.154282,353.521877,315.486908,21.624309,Linux
800,17,299.478186,351.59998,318.843527,21.934555,Linux
800,18,299.393918,348.607932,318.038004,21.645267,Linux
800,19,303.624656,349.888974,318.172605,21.908621,Linux
800,20,298.853796,350.567688,314.98112,21.620306,Linux
800,21,298.229613,352.922782,310.550609,20.991658,Linux
800,22,298.637453,345.440925,309.278203,20.877285,Linux
800,23,296.664871,346.457466,309.992406,21.846608,Linux
800,24,299.734421,345.141652,310.173235,20.754627,Linux
800,25,297.973858,349.589176,309.038428,20.739271,Linux
800,26,298.638203,347.196407,312.143251,21.104765,Linux
800,27,298.344544,345.915055,307.794573,20.854805,Linux
800,28,296.580122,347.677652,308.643357,20.879138,Linux
800,29,298.653044,350.125801,312.202564,21.871625,Linux
800,30,299.3336,356.682379,322.528902,21.449173,Linux
800,31,304.644326,347.553784,310.267912,21.222287,Linux
800,32,297.806146,348.034741,308.546511,20.863743,Linux
800,33,297.591527,346.734364,309.577585,20.604649,Linux
800,34,296.918132,346.911518,310.994576,21.397825,Linux
800,35,298.496496,348.796371,312.34379,21.770333,Linux
800,36,299.142274,345.793619,308.536072,20.624078,Linux
800,37,297.600609,346.413589,308.56599,21.001799,Linux
800,38,298.488863,347.35697,310.109107,21.662025,Linux
800,39,298.890955,346.284051,310.661282,21.455174,Linux
800,40,298.057092,351.322971,308.731448,21.034361,Linux
800,41,300.492189,346.845581,309.657482,21.055499,Linux
800,42,297.743926,346.445073,311.713015,21.30513,Linux
800,43,296.670005,347.819839,309.89234,20.773407,Linux
800,44,298.553176,348.79314,310.705034,21.525579,Linux
800,45,295.674389,342.019784,310.211983,21.017585,Linux
800,46,299.578605,350.515016,309.209095,21.77236,Linux
800,47,298.380898,347.475632,310.17964,21.226172,Linux
800,48,297.072266,345.429886,308.491335,21.000533,Linux
800,49,297.928302,346.3699,308.073616,21.002088,Linux
800,50,296.838151,348.009153,309.554497,21.017281,Linux
800,51,314.810959,361.402798,324.506636,19.963762,Linux
800,52,296.162799,363.55575,325.753345,19.928589,Linux
800,53,296.089808,366.0183,348.581475,20.821789,Linux
800,54,311.150959,365.253295,325.864745,19.896201,Linux
800,55,305.472472,367.756664,325.006066,19.665618,Linux
800,56,295.452111,361.801018,325.230218,19.955926,Linux
800,57,296.159396,362.203875,324.90934,19.788848,Linux
800,58,295.90705,361.721892,326.251213,19.892101,Linux
800,59,298.278507,362.258034,324.275577,19.955143,Linux
800,60,295.951168,361.392929,323.880114,19.895417,Linux
800,61,296.464182,361.645498,323.441864,20.377158,Linux
800,62,295.914666,361.738642,328.133322,19.903805,Linux
800,63,297.640073,361.090729,324.407178,19.856249,Linux
800,64,297.306831,364.046974,325.760819,19.491109,Linux
800,65,296.041244,361.76512,323.909775,20.547666,Linux
800,66,299.010163,360.842924,325.462471,20.146331,Linux
800,67,295.714516,362.087198,323.666988,19.785225,Linux
800,68,296.684287,361.578449,324.494803,20.2155,Linux
800,69,299.701913,365.097719,327.177032,19.998379,Linux
800,70,298.323242,372.580785,329.994664,20.530058,Linux
800,71,296.326393,364.1436,329.324995,19.674256,Linux
800,72,297.949265,360.945934,322.585445,19.864428,Linux
800,73,296.414188,363.863789,324.886225,19.60254,Linux
800,74,296.216567,362.544016,323.875068,19.718297,Linux
800,75,298.367498,361.286588,326.462163,19.669319,Linux
800,76,312.100105,363.399123,323.551537,20.222564,Linux
800,77,299.579688,360.475975,323.042947,20.084698,Linux
800,78,297.242319,362.625677,323.430835,19.535902,Linux
800,79,295.179255,364.985998,324.28389,19.628635,Linux
800,80,295.487975,361.811607,324.155162,19.981977,Linux
800,81,295.467192,361.188474,328.047369,19.737399,Linux
800,82,294.778289,365.896721,324.883292,19.75473,Linux
800,83,296.60967,369.323508,324.540396,20.243864,Linux
800,84,295.591935,359.816022,324.38877,19.935857,Linux
800,85,296.021421,362.029387,324.040927,19.698104,Linux
800,86,296.402016,361.031904,322.999242,19.97121,Linux
800,87,296.135046,360.04142,322.807298,19.691006,Linux
800,88,296.071095,361.45705,326.586018,20.04543,Linux
800,89,294.908742,361.239285,323.052566,19.833455,Linux
800,90,295.369837,359.873888,324.826068,20.270431,Linux
800,91,296.403671,362.993166,324.915498,20.371309,Linux
800,92,301.42795,362.130608,324.213687,20.431307,Linux
800,93,297.514033,361.643294,325.540187,19.592332,Linux
800,94,297.780389,362.616538,324.11958,20.623732,Linux
800,95,297.288258,362.446282,325.361885,20.449751,Linux
800,96,295.545173,363.08616,326.312062,20.184089,Linux
800,97,295.804966,361.787359,325.996766,20.28519,Linux
800,98,296.660615,396.95864,331.353379,19.841582,Linux
800,99,300.316278,372.031329,331.912944,19.726028,Linux
800,100,305.96209,367.580612,327.127606,20.401855,Linux
900,1,338.121368,412.469632,364.317521,23.077057,Linux
900,2,336.939451,470.821749,381.861413,22.203142,Linux
900,3,333.099255,409.593202,368.473544,22.865853,Linux
900,4,336.038094,405.200624,362.971249,24.614411,Linux
900,5,339.547655,403.188078,364.895508,23.568203,Linux
900,6,337.102084,390.823131,367.094914,24.24489,Linux
900,7,335.282133,405.600036,362.153039,24.511388,Linux
900,8,335.315431,403.321703,360.972098,24.641957,Linux
900,9,336.60812,400.165466,349.568062,24.690657,Linux
900,10,333.502904,405.267234,361.459355,23.364569,Linux
900,11,336.072765,402.709146,361.277367,23.46267,Linux
900,12,335.991911,407.90143,365.498805,23.443036,Linux
900,13,333.799116,400.996439,362.576078,24.141298,Linux
900,14,338.148875,407.37892,365.244236,24.154523,Linux
900,15,341.020065,414.424018,372.166901,24.642351,Linux
900,16,336.887237,403.355635,364.069963,23.825136,Linux
900,17,337.396429,408.706971,363.434224,24.281427,Linux
900,18,335.956282,422.689263,382.725409,24.809294,Linux
900,19,352.453687,396.156039,364.07978,23.473778,Linux
900,20,335.813826,406.00365,360.663569,24.015525,Linux
900,21,335.210705,409.732316,364.89599,23.855952,Linux
900,22,335.415142,405.22049,360.28219,23.796795,Linux
900,23,336.201844,406.683596,369.569113,23.94436,Linux
900,24,335.962599,411.783038,366.496582,24.020249,Linux
900,25,333.989017,401.081685,367.50175,24.184274,Linux
900,26,337.138936,405.704306,365.990448,24.074696,Linux
900,27,343.171272,409.238375,369.012744,24.106606,Linux
900,28,339.604566,408.06819,369.5925,23.864444,Linux
900,29,336.595272,390.545536,368.514489,23.51251,Linux
900,30,334.00873,408.672092,371.978221,23.53645,Linux
900,31,339.124669,402.149218,360.881019,23.329179,Linux
900,32,335.381854,405.510604,364.355795,23.40441,Linux
900,33,334.512712,410.868387,366.897643,23.248298,Linux
900,34,340.619303,401.19121,364.37027,24.0347,Linux
900,35,334.142693,405.818277,362.319326,23.467359,Linux
900,36,334.870643,411.007296,368.326646,24.074375,Linux
900,37,339.441787,401.844184,359.610515,23.932901,Linux
900,38,338.972297,436.408987,370.409372,24.509511,Linux
900,39,338.484007,410.055825,367.358127,23.607888,Linux
900,40,340.845899,405.813393,360.775257,23.409494,Linux
900,41,335.563838,405.919612,364.439074,23.325476,Linux
900,42,336.387998,407.682831,365.323614,23.657395,Linux
900,43,338.327991,403.218102,367.798647,23.975761,Linux
900,44,334.717005,404.180074,361.840819,23.352925,Linux
900,45,336.954074,408.991185,368.541423,23.964704,Linux
900,46,337.160352,402.304888,358.209303,23.521199,Linux
900,47,335.350194,388.902345,365.935819,23.35664,Linux
900,48,333.496537,408.933117,365.623326,23.244895,Linux
900,49,338.046829,400.941919,362.143503,23.652491,Linux
900,50,343.589786,410.552377,368.011728,24.153697,Linux
900,51,345.099733,410.468215,368.103088,23.653435,Linux
900,52,336.706467,408.833014,363.12763,23.618183,Linux
900,53,336.758033,405.687032,367.081265,24.493401,Linux
900,54,336.024131,409.263726,365.450842,23.412431,Linux
900,55,334.744729,405.855073,363.20179,24.486271,Linux
900,56,335.286754,395.874017,369.289243,24.348108,Linux
900,57,336.04128,412.159569,367.409338,24.125481,Linux
900,58,340.065807,415.567484,361.986078,23.946463,Linux
900,59,343.900597,408.306527,364.637873,23.987587,Linux
900,60,335.592803,410.762815,369.539185,23.825935,Linux
900,61,338.594251,403.498954,365.15485,23.314625,Linux
900,62,339.115248,404.676068,372.5153,23.696086,Linux
900,63,338.510963,411.689022,369.091368,23.329668,Linux
900,64,339.361382,407.666336,363.468598,23.694463,Linux
900,65,337.65755,405.361242,364.630655,24.116747,Linux
900,66,339.911666,410.51373,365.80065,23.531155,Linux
900,67,335.57394,390.93576,361.219609,23.488021,Linux
900,68,335.680562,408.415371,370.409544,23.881353,Linux
900,69,337.464531,410.091459,366.754397,24.056292,Linux
900,70,335.696518,392.891616,362.796997,24.392183,Linux
900,71,338.519049,409.565301,366.252649,24.190281,Linux
900,72,335.218275,410.840382,369.139056,24.869735,Linux
900,73,337.672705,403.5545,362.913021,24.917133,Linux
900,74,337.640619,394.964952,363.301934,23.675815,Linux
900,75,339.564979,412.998728,367.122062,23.467327,Linux
900,76,339.285083,403.26889,367.113997,24.869915,Linux
900,77,337.740946,402.093517,373.686258,23.422723,Linux
900,78,342.620158,421.985582,367.310889,23.572627,Linux
900,79,334.181184,405.815188,364.437916,24.199719,Linux
900,80,334.129579,396.334799,349.217016,23.370167,Linux
900,81,339.110621,415.792141,367.103243,23.428468,Linux
900,82,342.226425,412.731584,368.763626,23.54605,Linux
900,83,345.630429,409.509115,366.524199,23.698092,Linux
900,84,336.22679,407.823526,367.257,24.300399,Linux
900,85,338.282095,391.987341,352.271762,23.491292,Linux
900,86,338.054479,408.727536,369.449724,23.789411,Linux
900,87,338.046608,412.085488,370.242436,24.534198,Linux
900,88,341.123479,402.470165,360.433616,23.70257,Linux
900,89,337.288256,406.436261,359.833212,23.412898,Linux
900,90,332.284538,410.298578,365.739412,23.991877,Linux
900,91,334.56684,404.596944,360.097255,23.605943,Linux
900,92,334.622131,405.28967,364.351495,23.734155,Linux
900,93,336.106273,407.959172,365.43331,23.842572,Linux
900,94,333.835878,406.651547,367.873661,24.107452,Linux
900,95,334.202406,387.869376,366.232038,24.589716,Linux
900,96,338.272238,410.319894,366.965809,23.393728,Linux
900,97,335.592437,401.27339,362.907009,24.310522,Linux
900,98,351.599851,393.126275,349.538217,24.290315,Linux
900,99,335.091244,390.128247,350.192087,23.358682,Linux
900,100,338.868761,393.194458,349.542491,23.596378,Linux
1000,1,374.713926,446.780963,392.63185,26.228397,Linux
1000,2,375.374882,439.721706,404.918871,25.744647,Linux
1000,3,374.152938,451.798815,404.41192,26.241934,Linux
1000,4,373.57291,445.693523,400.515535,25.82798,Linux
1000,5,374.34591,435.35508,405.496485,25.417166,Linux
1000,6,373.551453,437.413814,398.082547,26.39687,Linux
1000,7,378.992814,445.399057,402.799942,25.631486,Linux
1000,8,373.735258,452.232332,406.856953,25.727559,Linux
1000,9,375.183561,448.430399,403.71317,25.745744,Linux
1000,10,372.778973,444.180977,398.664388,25.720861,Linux
1000,11,373.110918,455.086819,405.977897,26.235804,Linux
1000,12,373.808855,449.637663,405.301477,26.321068,Linux
1000,13,372.528438,432.448621,387.049858,26.530463,Linux
1000,14,370.37066,449.729789,406.163324,25.982991,Linux
1000,15,370.052048,450.56548,401.68767,25.708666,Linux
1000,16,371.764683,475.233068,415.233791,25.983043,Linux
1000,17,371.510129,449.451834,405.583038,26.121376,Linux
1000,18,377.300592,434.342128,387.210363,26.009777,Linux
1000,19,372.296782,445.48343,399.338057,25.556338,Linux
1000,20,372.891451,454.642189,405.99949,25.842048,Linux
1000,21,372.285841,448.746428,403.562256,26.214094,Linux
1000,22,372.777047,444.642012,399.393782,25.918169,Linux
1000,23,371.296061,440.424859,389.791724,26.082284,Linux
1000,24,371.856227,432.078306,405.645962,25.927546,Linux
1000,25,373.213675,443.22521,399.847519,25.730987,Linux
1000,26,372.628497,455.448015,403.068807,25.488081,Linux
1000,27,370.876604,448.772587,402.545342,26.376673,Linux
1000,28,371.140921,431.477115,384.60709,25.958053,Linux
1000,29,373.877361,452.125928,405.226706,26.010073,Linux
1000,30,371.361372,447.951922,402.889449,25.55983,Linux
1000,31,373.122855,443.902775,397.842802,26.104791,Linux
1000,32,372.878313,435.174183,387.361964,26.183892,Linux
1000,33,370.335436,433.740046,401.199975,25.797475,Linux
1000,34,372.07049,483.960278,432.348457,26.597548,Linux
1000,35,373.111564,451.453746,404.800888,26.238018,Linux
1000,36,372.556517,431.446072,401.341038,25.179893,Linux
1000,37,371.775815,447.953217,398.754543,25.77103,Linux
1000,38,371.953312,453.363523,403.767215,26.199943,Linux
1000,39,372.379397,449.215831,404.333277,25.643798,Linux
1000,40,370.979454,444.196037,397.852317,26.839363,Linux
1000,41,372.005823,450.843343,403.072776,25.863807,Linux
1000,42,373.751731,448.089689,401.808446,26.07441,Linux
1000,43,373.702398,445.711681,399.386178,26.341012,Linux
1000,44,373.992266,453.589882,403.560379,26.479581,Linux
1000,45,370.265444,448.814645,404.045726,26.149143,Linux
1000,46,373.563922,444.338698,397.893124,26.009939,Linux
1000,47,376.099085,435.590971,388.051566,26.482608,Linux
1000,48,373.602802,450.68625,404.428251,26.108376,Linux
1000,49,372.226126,446.765023,398.01189,26.568714,Linux
1000,50,370.795495,449.475732,407.068534,26.444005,Linux
1000,51,369.312047,447.977904,402.4346,27.012649,Linux
1000,52,370.988014,467.456728,418.036944,26.174694,Linux
1000,53,374.5122,451.177645,403.704746,26.224796,Linux
1000,54,373.023761,433.658139,389.722679,26.545395,Linux
1000,55,372.105268,434.599182,401.820695,25.980319,Linux
1000,56,372.637944,451.92167,408.853107,26.743436,Linux
1000,57,373.148982,450.445221,409.376366,26.494036,Linux
1000,58,371.846421,435.681128,387.109929,27.038627,Linux
1000,59,370.098949,452.626208,406.250952,26.519105,Linux
1000,60,371.726594,452.876819,403.658948,26.237826,Linux
1000,61,370.98597,448.790586,399.981206,26.875309,Linux
1000,62,372.440109,454.561166,385.612593,27.552348,Linux
1000,63,374.167163,452.030349,403.585267,25.351476,Linux
1000,64,377.942971,446.404447,397.885122,26.085277,Linux
1000,65,370.387957,453.085369,404.12944,26.242123,Linux
1000,66,373.88215,449.610383,402.276853,26.530219,Linux
1000,67,375.764113,432.569523,397.462117,25.795715,Linux
1000,68,372.426825,438.076976,389.164179,25.996942,Linux
1000,69,372.820949,450.927492,402.900128,26.285274,Linux
1000,70,370.744927,449.601806,414.179629,26.34813,Linux
1000,71,385.034657,467.015602,426.678076,26.223937,Linux
1000,72,382.249647,457.070825,408.621215,26.66692,Linux
1000,73,375.951716,454.568701,402.044205,25.859891,Linux
1000,74,375.436316,451.629024,405.160595,26.169942,Linux
1000,75,372.385891,434.799638,407.228932,26.156526,Linux
1000,76,374.879052,447.328726,399.556319,26.32011,Linux
1000,77,376.941541,454.50393,404.628229,25.92278,Linux
1000,78,374.160617,447.8889,403.645361,25.652811,Linux
1000,79,375.394265,448.014747,402.123482,27.137603,Linux
1000,80,373.211273,449.878087,405.986559,26.148827,Linux
1000,81,370.843035,452.230785,403.743245,26.462256,Linux
1000,82,374.114286,446.044606,399.909019,26.052664,Linux
1000,83,379.587768,454.906623,406.310043,25.774513,Linux
1000,84,375.45835,450.179579,402.979907,26.13623,Linux
1000,85,376.161334,448.064905,403.7148,26.112917,Linux
1000,86,372.214495,440.727861,403.552312,25.817159,Linux
1000,87,373.220543,449.376394,402.066547,25.891095,Linux
1000,88,376.032736,453.992195,422.98472,26.599359,Linux
1000,89,372.719479,449.959919,405.971788,25.963341,Linux
1000,90,373.805193,449.976133,387.884372,25.677242,Linux
1000,91,372.216154,432.140808,391.669342,26.62189,Linux
1000,92,372.342865,439.793116,390.882849,26.538116,Linux
1000,93,378.09625,432.858854,386.534798,26.413797,Linux
1000,94,374.263087,435.62014,392.440476,26.248265,Linux
1000,95,376.705072,438.858434,387.433771,25.816766,Linux
1000,96,373.777173,436.329057,386.993947,26.022288,Linux
1000,97,370.521141,436.435541,385.377735,26.248205,Linux
1000,98,372.655123,435.199371,386.162609,26.191918,Linux
1000,99,372.30644,430.019766,387.750432,26.305133,Linux
1000,100,374.787299,434.287003,387.277887,25.873907,Linux
